[  0%] [34m[1mGenerating C++ code for ROS interfaces[0m
[  0%] Built target ament_cmake_python_copy_franka_msgs
[  0%] [34m[1mGenerating C code for ROS interfaces[0m
running egg_info
writing franka_msgs.egg-info/PKG-INFO
writing dependency_links to franka_msgs.egg-info/dependency_links.txt
writing top-level names to franka_msgs.egg-info/top_level.txt
reading manifest file 'franka_msgs.egg-info/SOURCES.txt'
writing manifest file 'franka_msgs.egg-info/SOURCES.txt'
[  0%] Built target ament_cmake_python_build_franka_msgs_egg
[  0%] Built target franka_msgs__cpp
[  1%] [34m[1mGenerating C++ type support dispatch for ROS interfaces[0m
[  2%] [34m[1mGenerating C++ type support for eProsima Fast-RTPS[0m
[  2%] [34m[1mGenerating C++ introspection for ROS interfaces[0m
[  3%] [32mBuilding C object CMakeFiles/franka_msgs__rosidl_generator_c.dir/rosidl_generator_c/franka_msgs/action/detail/homing__functions.c.o[0m
[  5%] [32mBuilding C object CMakeFiles/franka_msgs__rosidl_generator_c.dir/rosidl_generator_c/franka_msgs/srv/detail/error_recovery__functions.c.o[0m
[  5%] [32mBuilding C object CMakeFiles/franka_msgs__rosidl_generator_c.dir/rosidl_generator_c/franka_msgs/action/detail/grasp__functions.c.o[0m
[  5%] [32mBuilding C object CMakeFiles/franka_msgs__rosidl_generator_c.dir/rosidl_generator_c/franka_msgs/srv/detail/set_tcp_frame__functions.c.o[0m
[  6%] [32mBuilding C object CMakeFiles/franka_msgs__rosidl_generator_c.dir/rosidl_generator_c/franka_msgs/srv/detail/set_force_torque_collision_behavior__functions.c.o[0m
[  7%] [32mBuilding C object CMakeFiles/franka_msgs__rosidl_generator_c.dir/rosidl_generator_c/franka_msgs/srv/detail/set_joint_stiffness__functions.c.o[0m
[  8%] [32mBuilding C object CMakeFiles/franka_msgs__rosidl_generator_c.dir/rosidl_generator_c/franka_msgs/action/detail/move__functions.c.o[0m
[  8%] [32mBuilding C object CMakeFiles/franka_msgs__rosidl_generator_c.dir/rosidl_generator_c/franka_msgs/srv/detail/set_stiffness_frame__functions.c.o[0m
[  9%] [32mBuilding C object CMakeFiles/franka_msgs__rosidl_generator_c.dir/rosidl_generator_c/franka_msgs/srv/detail/set_cartesian_stiffness__functions.c.o[0m
[  9%] [32mBuilding C object CMakeFiles/franka_msgs__rosidl_generator_c.dir/rosidl_generator_c/franka_msgs/srv/detail/set_full_collision_behavior__functions.c.o[0m
[  9%] [32mBuilding C object CMakeFiles/franka_msgs__rosidl_generator_c.dir/rosidl_generator_c/franka_msgs/srv/detail/set_load__functions.c.o[0m
[ 10%] [32mBuilding C object CMakeFiles/franka_msgs__rosidl_generator_c.dir/rosidl_generator_c/franka_msgs/srv/detail/set_mujoco_poses__functions.c.o[0m
[ 11%] [32mBuilding C object CMakeFiles/franka_msgs__rosidl_generator_c.dir/rosidl_generator_c/franka_msgs/msg/detail/grasp_epsilon__functions.c.o[0m
[ 11%] [32mBuilding C object CMakeFiles/franka_msgs__rosidl_generator_c.dir/rosidl_generator_c/franka_msgs/msg/detail/franka_state__functions.c.o[0m
[ 12%] [32mBuilding C object CMakeFiles/franka_msgs__rosidl_generator_c.dir/rosidl_generator_c/franka_msgs/msg/detail/franka_model__functions.c.o[0m
[ 12%] [32mBuilding C object CMakeFiles/franka_msgs__rosidl_generator_c.dir/rosidl_generator_c/franka_msgs/msg/detail/errors__functions.c.o[0m
[ 13%] [32mBuilding C object CMakeFiles/franka_msgs__rosidl_generator_c.dir/rosidl_generator_c/franka_msgs/msg/detail/pose_stamped_array__functions.c.o[0m
[ 14%] [32m[1mLinking C shared library libfranka_msgs__rosidl_generator_c.so[0m
[ 14%] Built target franka_msgs__rosidl_generator_c
[ 15%] [34m[1mGenerating C type support for eProsima Fast-RTPS[0m
[ 16%] [34m[1mGenerating C introspection for ROS interfaces[0m
[ 17%] [34m[1mGenerating C type support dispatch for ROS interfaces[0m
[ 18%] [32mBuilding CXX object CMakeFiles/franka_msgs__rosidl_typesupport_cpp.dir/rosidl_typesupport_cpp/franka_msgs/action/move__type_support.cpp.o[0m
[ 19%] [32mBuilding CXX object CMakeFiles/franka_msgs__rosidl_typesupport_cpp.dir/rosidl_typesupport_cpp/franka_msgs/srv/set_tcp_frame__type_support.cpp.o[0m
[ 20%] [32mBuilding CXX object CMakeFiles/franka_msgs__rosidl_typesupport_cpp.dir/rosidl_typesupport_cpp/franka_msgs/action/homing__type_support.cpp.o[0m
[ 20%] [32mBuilding CXX object CMakeFiles/franka_msgs__rosidl_typesupport_cpp.dir/rosidl_typesupport_cpp/franka_msgs/srv/error_recovery__type_support.cpp.o[0m
[ 20%] [32mBuilding CXX object CMakeFiles/franka_msgs__rosidl_typesupport_cpp.dir/rosidl_typesupport_cpp/franka_msgs/srv/set_force_torque_collision_behavior__type_support.cpp.o[0m
[ 21%] [32mBuilding CXX object CMakeFiles/franka_msgs__rosidl_typesupport_cpp.dir/rosidl_typesupport_cpp/franka_msgs/srv/set_full_collision_behavior__type_support.cpp.o[0m
[ 21%] [32mBuilding CXX object CMakeFiles/franka_msgs__rosidl_typesupport_cpp.dir/rosidl_typesupport_cpp/franka_msgs/action/grasp__type_support.cpp.o[0m
[ 22%] [32mBuilding CXX object CMakeFiles/franka_msgs__rosidl_typesupport_cpp.dir/rosidl_typesupport_cpp/franka_msgs/srv/set_cartesian_stiffness__type_support.cpp.o[0m
[ 23%] [32mBuilding CXX object CMakeFiles/franka_msgs__rosidl_typesupport_cpp.dir/rosidl_typesupport_cpp/franka_msgs/srv/set_joint_stiffness__type_support.cpp.o[0m
[ 23%] [32mBuilding CXX object CMakeFiles/franka_msgs__rosidl_typesupport_cpp.dir/rosidl_typesupport_cpp/franka_msgs/srv/set_stiffness_frame__type_support.cpp.o[0m
[ 24%] [32mBuilding CXX object CMakeFiles/franka_msgs__rosidl_typesupport_cpp.dir/rosidl_typesupport_cpp/franka_msgs/srv/set_load__type_support.cpp.o[0m
[ 24%] [32mBuilding CXX object CMakeFiles/franka_msgs__rosidl_typesupport_cpp.dir/rosidl_typesupport_cpp/franka_msgs/srv/set_mujoco_poses__type_support.cpp.o[0m
[ 25%] [32mBuilding CXX object CMakeFiles/franka_msgs__rosidl_typesupport_cpp.dir/rosidl_typesupport_cpp/franka_msgs/msg/grasp_epsilon__type_support.cpp.o[0m
[ 26%] [32mBuilding CXX object CMakeFiles/franka_msgs__rosidl_typesupport_cpp.dir/rosidl_typesupport_cpp/franka_msgs/msg/franka_state__type_support.cpp.o[0m
[ 26%] [32mBuilding CXX object CMakeFiles/franka_msgs__rosidl_typesupport_cpp.dir/rosidl_typesupport_cpp/franka_msgs/msg/franka_model__type_support.cpp.o[0m
[ 27%] [32mBuilding CXX object CMakeFiles/franka_msgs__rosidl_typesupport_cpp.dir/rosidl_typesupport_cpp/franka_msgs/msg/errors__type_support.cpp.o[0m
[ 28%] [32mBuilding CXX object CMakeFiles/franka_msgs__rosidl_typesupport_cpp.dir/rosidl_typesupport_cpp/franka_msgs/msg/pose_stamped_array__type_support.cpp.o[0m
[ 29%] [32mBuilding CXX object CMakeFiles/franka_msgs__rosidl_typesupport_introspection_cpp.dir/rosidl_typesupport_introspection_cpp/franka_msgs/action/detail/grasp__type_support.cpp.o[0m
[ 29%] [32mBuilding CXX object CMakeFiles/franka_msgs__rosidl_typesupport_introspection_cpp.dir/rosidl_typesupport_introspection_cpp/franka_msgs/action/detail/homing__type_support.cpp.o[0m
[ 31%] [32mBuilding CXX object CMakeFiles/franka_msgs__rosidl_typesupport_introspection_cpp.dir/rosidl_typesupport_introspection_cpp/franka_msgs/srv/detail/error_recovery__type_support.cpp.o[0m
[ 31%] [32mBuilding CXX object CMakeFiles/franka_msgs__rosidl_typesupport_introspection_cpp.dir/rosidl_typesupport_introspection_cpp/franka_msgs/action/detail/move__type_support.cpp.o[0m
[ 31%] [32mBuilding CXX object CMakeFiles/franka_msgs__rosidl_typesupport_introspection_cpp.dir/rosidl_typesupport_introspection_cpp/franka_msgs/srv/detail/set_cartesian_stiffness__type_support.cpp.o[0m
[ 32%] [32mBuilding CXX object CMakeFiles/franka_msgs__rosidl_typesupport_introspection_cpp.dir/rosidl_typesupport_introspection_cpp/franka_msgs/srv/detail/set_tcp_frame__type_support.cpp.o[0m
[ 33%] [32mBuilding CXX object CMakeFiles/franka_msgs__rosidl_typesupport_introspection_cpp.dir/rosidl_typesupport_introspection_cpp/franka_msgs/srv/detail/set_force_torque_collision_behavior__type_support.cpp.o[0m
[ 33%] [32mBuilding CXX object CMakeFiles/franka_msgs__rosidl_typesupport_introspection_cpp.dir/rosidl_typesupport_introspection_cpp/franka_msgs/srv/detail/set_full_collision_behavior__type_support.cpp.o[0m
[ 34%] [32mBuilding CXX object CMakeFiles/franka_msgs__rosidl_typesupport_introspection_cpp.dir/rosidl_typesupport_introspection_cpp/franka_msgs/srv/detail/set_joint_stiffness__type_support.cpp.o[0m
[ 34%] [32mBuilding CXX object CMakeFiles/franka_msgs__rosidl_typesupport_introspection_cpp.dir/rosidl_typesupport_introspection_cpp/franka_msgs/srv/detail/set_stiffness_frame__type_support.cpp.o[0m
[ 35%] [32mBuilding CXX object CMakeFiles/franka_msgs__rosidl_typesupport_fastrtps_cpp.dir/rosidl_typesupport_fastrtps_cpp/franka_msgs/action/detail/dds_fastrtps/grasp__type_support.cpp.o[0m
[ 36%] [32mBuilding CXX object CMakeFiles/franka_msgs__rosidl_typesupport_introspection_cpp.dir/rosidl_typesupport_introspection_cpp/franka_msgs/srv/detail/set_load__type_support.cpp.o[0m
[ 36%] [32m[1mLinking CXX shared library libfranka_msgs__rosidl_typesupport_cpp.so[0m
[ 36%] Built target franka_msgs__rosidl_typesupport_cpp
[ 37%] [32mBuilding CXX object CMakeFiles/franka_msgs__rosidl_typesupport_introspection_cpp.dir/rosidl_typesupport_introspection_cpp/franka_msgs/srv/detail/set_mujoco_poses__type_support.cpp.o[0m
[ 37%] [32mBuilding CXX object CMakeFiles/franka_msgs__rosidl_typesupport_introspection_cpp.dir/rosidl_typesupport_introspection_cpp/franka_msgs/msg/detail/grasp_epsilon__type_support.cpp.o[0m
[ 38%] [32mBuilding CXX object CMakeFiles/franka_msgs__rosidl_typesupport_introspection_cpp.dir/rosidl_typesupport_introspection_cpp/franka_msgs/msg/detail/franka_state__type_support.cpp.o[0m
[ 39%] [32mBuilding CXX object CMakeFiles/franka_msgs__rosidl_typesupport_introspection_cpp.dir/rosidl_typesupport_introspection_cpp/franka_msgs/msg/detail/franka_model__type_support.cpp.o[0m
[ 39%] [32mBuilding CXX object CMakeFiles/franka_msgs__rosidl_typesupport_fastrtps_cpp.dir/rosidl_typesupport_fastrtps_cpp/franka_msgs/action/detail/dds_fastrtps/homing__type_support.cpp.o[0m
[ 39%] [32mBuilding CXX object CMakeFiles/franka_msgs__rosidl_typesupport_introspection_cpp.dir/rosidl_typesupport_introspection_cpp/franka_msgs/msg/detail/errors__type_support.cpp.o[0m
[ 40%] [32mBuilding CXX object CMakeFiles/franka_msgs__rosidl_typesupport_fastrtps_cpp.dir/rosidl_typesupport_fastrtps_cpp/franka_msgs/action/detail/dds_fastrtps/move__type_support.cpp.o[0m
[ 40%] [32mBuilding CXX object CMakeFiles/franka_msgs__rosidl_typesupport_c.dir/rosidl_typesupport_c/franka_msgs/action/grasp__type_support.cpp.o[0m
[ 41%] [32mBuilding CXX object CMakeFiles/franka_msgs__rosidl_typesupport_fastrtps_cpp.dir/rosidl_typesupport_fastrtps_cpp/franka_msgs/srv/detail/dds_fastrtps/error_recovery__type_support.cpp.o[0m
[ 42%] [32mBuilding CXX object CMakeFiles/franka_msgs__rosidl_typesupport_c.dir/rosidl_typesupport_c/franka_msgs/action/homing__type_support.cpp.o[0m
[ 43%] [32mBuilding CXX object CMakeFiles/franka_msgs__rosidl_typesupport_c.dir/rosidl_typesupport_c/franka_msgs/action/move__type_support.cpp.o[0m
[ 43%] [32mBuilding CXX object CMakeFiles/franka_msgs__rosidl_typesupport_fastrtps_cpp.dir/rosidl_typesupport_fastrtps_cpp/franka_msgs/srv/detail/dds_fastrtps/set_cartesian_stiffness__type_support.cpp.o[0m
[ 44%] [32mBuilding CXX object CMakeFiles/franka_msgs__rosidl_typesupport_introspection_cpp.dir/rosidl_typesupport_introspection_cpp/franka_msgs/msg/detail/pose_stamped_array__type_support.cpp.o[0m
[ 44%] [32mBuilding CXX object CMakeFiles/franka_msgs__rosidl_typesupport_c.dir/rosidl_typesupport_c/franka_msgs/srv/error_recovery__type_support.cpp.o[0m
[ 45%] [32mBuilding CXX object CMakeFiles/franka_msgs__rosidl_typesupport_fastrtps_cpp.dir/rosidl_typesupport_fastrtps_cpp/franka_msgs/srv/detail/dds_fastrtps/set_tcp_frame__type_support.cpp.o[0m
[ 45%] [32mBuilding CXX object CMakeFiles/franka_msgs__rosidl_typesupport_fastrtps_cpp.dir/rosidl_typesupport_fastrtps_cpp/franka_msgs/srv/detail/dds_fastrtps/set_force_torque_collision_behavior__type_support.cpp.o[0m
[ 46%] [32mBuilding CXX object CMakeFiles/franka_msgs__rosidl_typesupport_c.dir/rosidl_typesupport_c/franka_msgs/srv/set_cartesian_stiffness__type_support.cpp.o[0m
[ 46%] [32mBuilding CXX object CMakeFiles/franka_msgs__rosidl_typesupport_c.dir/rosidl_typesupport_c/franka_msgs/srv/set_tcp_frame__type_support.cpp.o[0m
[ 47%] [32mBuilding CXX object CMakeFiles/franka_msgs__rosidl_typesupport_fastrtps_cpp.dir/rosidl_typesupport_fastrtps_cpp/franka_msgs/srv/detail/dds_fastrtps/set_full_collision_behavior__type_support.cpp.o[0m
[ 48%] [32mBuilding CXX object CMakeFiles/franka_msgs__rosidl_typesupport_c.dir/rosidl_typesupport_c/franka_msgs/srv/set_force_torque_collision_behavior__type_support.cpp.o[0m
[ 49%] [32mBuilding CXX object CMakeFiles/franka_msgs__rosidl_typesupport_fastrtps_cpp.dir/rosidl_typesupport_fastrtps_cpp/franka_msgs/srv/detail/dds_fastrtps/set_joint_stiffness__type_support.cpp.o[0m
[ 49%] [32mBuilding CXX object CMakeFiles/franka_msgs__rosidl_typesupport_fastrtps_cpp.dir/rosidl_typesupport_fastrtps_cpp/franka_msgs/srv/detail/dds_fastrtps/set_stiffness_frame__type_support.cpp.o[0m
[ 50%] [32mBuilding CXX object CMakeFiles/franka_msgs__rosidl_typesupport_c.dir/rosidl_typesupport_c/franka_msgs/srv/set_full_collision_behavior__type_support.cpp.o[0m
[ 51%] [32mBuilding CXX object CMakeFiles/franka_msgs__rosidl_typesupport_fastrtps_cpp.dir/rosidl_typesupport_fastrtps_cpp/franka_msgs/srv/detail/dds_fastrtps/set_load__type_support.cpp.o[0m
[ 52%] [32mBuilding C object CMakeFiles/franka_msgs__rosidl_typesupport_introspection_c.dir/rosidl_typesupport_introspection_c/franka_msgs/action/detail/grasp__type_support.c.o[0m
[ 52%] [32mBuilding C object CMakeFiles/franka_msgs__rosidl_typesupport_introspection_c.dir/rosidl_typesupport_introspection_c/franka_msgs/action/detail/homing__type_support.c.o[0m
[ 52%] [32mBuilding CXX object CMakeFiles/franka_msgs__rosidl_typesupport_c.dir/rosidl_typesupport_c/franka_msgs/srv/set_joint_stiffness__type_support.cpp.o[0m
[ 53%] [32mBuilding CXX object CMakeFiles/franka_msgs__rosidl_typesupport_c.dir/rosidl_typesupport_c/franka_msgs/srv/set_stiffness_frame__type_support.cpp.o[0m
[ 54%] [32mBuilding C object CMakeFiles/franka_msgs__rosidl_typesupport_introspection_c.dir/rosidl_typesupport_introspection_c/franka_msgs/action/detail/move__type_support.c.o[0m
[ 55%] [32mBuilding CXX object CMakeFiles/franka_msgs__rosidl_typesupport_fastrtps_cpp.dir/rosidl_typesupport_fastrtps_cpp/franka_msgs/srv/detail/dds_fastrtps/set_mujoco_poses__type_support.cpp.o[0m
[ 56%] [32mBuilding CXX object CMakeFiles/franka_msgs__rosidl_typesupport_c.dir/rosidl_typesupport_c/franka_msgs/srv/set_load__type_support.cpp.o[0m
[ 56%] [32mBuilding CXX object CMakeFiles/franka_msgs__rosidl_typesupport_c.dir/rosidl_typesupport_c/franka_msgs/srv/set_mujoco_poses__type_support.cpp.o[0m
[ 57%] [32mBuilding CXX object CMakeFiles/franka_msgs__rosidl_typesupport_c.dir/rosidl_typesupport_c/franka_msgs/msg/grasp_epsilon__type_support.cpp.o[0m
[ 57%] [32mBuilding C object CMakeFiles/franka_msgs__rosidl_typesupport_introspection_c.dir/rosidl_typesupport_introspection_c/franka_msgs/srv/detail/error_recovery__type_support.c.o[0m
[ 57%] [32mBuilding CXX object CMakeFiles/franka_msgs__rosidl_typesupport_c.dir/rosidl_typesupport_c/franka_msgs/msg/franka_state__type_support.cpp.o[0m
[ 58%] [32mBuilding CXX object CMakeFiles/franka_msgs__rosidl_typesupport_c.dir/rosidl_typesupport_c/franka_msgs/msg/franka_model__type_support.cpp.o[0m
[ 58%] [32mBuilding CXX object CMakeFiles/franka_msgs__rosidl_typesupport_fastrtps_cpp.dir/rosidl_typesupport_fastrtps_cpp/franka_msgs/msg/detail/dds_fastrtps/grasp_epsilon__type_support.cpp.o[0m
[ 59%] [32mBuilding CXX object CMakeFiles/franka_msgs__rosidl_typesupport_c.dir/rosidl_typesupport_c/franka_msgs/msg/errors__type_support.cpp.o[0m
[ 59%] [32mBuilding CXX object CMakeFiles/franka_msgs__rosidl_typesupport_c.dir/rosidl_typesupport_c/franka_msgs/msg/pose_stamped_array__type_support.cpp.o[0m
[ 61%] [32mBuilding C object CMakeFiles/franka_msgs__rosidl_typesupport_introspection_c.dir/rosidl_typesupport_introspection_c/franka_msgs/srv/detail/set_cartesian_stiffness__type_support.c.o[0m
[ 61%] [32mBuilding CXX object CMakeFiles/franka_msgs__rosidl_typesupport_fastrtps_cpp.dir/rosidl_typesupport_fastrtps_cpp/franka_msgs/msg/detail/dds_fastrtps/franka_state__type_support.cpp.o[0m
[ 62%] [32mBuilding C object CMakeFiles/franka_msgs__rosidl_typesupport_introspection_c.dir/rosidl_typesupport_introspection_c/franka_msgs/srv/detail/set_tcp_frame__type_support.c.o[0m
[ 62%] [32mBuilding C object CMakeFiles/franka_msgs__rosidl_typesupport_introspection_c.dir/rosidl_typesupport_introspection_c/franka_msgs/srv/detail/set_force_torque_collision_behavior__type_support.c.o[0m
[ 63%] [32m[1mLinking CXX shared library libfranka_msgs__rosidl_typesupport_c.so[0m
[ 64%] [32mBuilding CXX object CMakeFiles/franka_msgs__rosidl_typesupport_fastrtps_cpp.dir/rosidl_typesupport_fastrtps_cpp/franka_msgs/msg/detail/dds_fastrtps/pose_stamped_array__type_support.cpp.o[0m
[ 64%] [32mBuilding CXX object CMakeFiles/franka_msgs__rosidl_typesupport_fastrtps_cpp.dir/rosidl_typesupport_fastrtps_cpp/franka_msgs/msg/detail/dds_fastrtps/franka_model__type_support.cpp.o[0m
[ 65%] [32mBuilding CXX object CMakeFiles/franka_msgs__rosidl_typesupport_fastrtps_cpp.dir/rosidl_typesupport_fastrtps_cpp/franka_msgs/msg/detail/dds_fastrtps/errors__type_support.cpp.o[0m
[ 66%] [32m[1mLinking CXX shared library libfranka_msgs__rosidl_typesupport_introspection_cpp.so[0m
[ 66%] Built target franka_msgs__rosidl_typesupport_c
[ 67%] [32mBuilding C object CMakeFiles/franka_msgs__rosidl_typesupport_introspection_c.dir/rosidl_typesupport_introspection_c/franka_msgs/srv/detail/set_full_collision_behavior__type_support.c.o[0m
[ 68%] [32mBuilding C object CMakeFiles/franka_msgs__rosidl_typesupport_introspection_c.dir/rosidl_typesupport_introspection_c/franka_msgs/srv/detail/set_joint_stiffness__type_support.c.o[0m
[ 68%] [32mBuilding C object CMakeFiles/franka_msgs__rosidl_typesupport_introspection_c.dir/rosidl_typesupport_introspection_c/franka_msgs/srv/detail/set_stiffness_frame__type_support.c.o[0m
[ 69%] [32mBuilding C object CMakeFiles/franka_msgs__rosidl_typesupport_introspection_c.dir/rosidl_typesupport_introspection_c/franka_msgs/srv/detail/set_load__type_support.c.o[0m
[ 70%] [32mBuilding C object CMakeFiles/franka_msgs__rosidl_typesupport_introspection_c.dir/rosidl_typesupport_introspection_c/franka_msgs/srv/detail/set_mujoco_poses__type_support.c.o[0m
[ 70%] [32mBuilding C object CMakeFiles/franka_msgs__rosidl_typesupport_introspection_c.dir/rosidl_typesupport_introspection_c/franka_msgs/msg/detail/grasp_epsilon__type_support.c.o[0m
[ 71%] [32mBuilding C object CMakeFiles/franka_msgs__rosidl_typesupport_introspection_c.dir/rosidl_typesupport_introspection_c/franka_msgs/msg/detail/franka_state__type_support.c.o[0m
[ 71%] [32mBuilding C object CMakeFiles/franka_msgs__rosidl_typesupport_introspection_c.dir/rosidl_typesupport_introspection_c/franka_msgs/msg/detail/franka_model__type_support.c.o[0m
[ 71%] Built target franka_msgs__rosidl_typesupport_introspection_cpp
[ 72%] [32mBuilding C object CMakeFiles/franka_msgs__rosidl_typesupport_introspection_c.dir/rosidl_typesupport_introspection_c/franka_msgs/msg/detail/errors__type_support.c.o[0m
[ 73%] [32mBuilding C object CMakeFiles/franka_msgs__rosidl_typesupport_introspection_c.dir/rosidl_typesupport_introspection_c/franka_msgs/msg/detail/pose_stamped_array__type_support.c.o[0m
[ 73%] [32mBuilding CXX object CMakeFiles/franka_msgs__rosidl_typesupport_fastrtps_c.dir/rosidl_typesupport_fastrtps_c/franka_msgs/action/detail/grasp__type_support_c.cpp.o[0m
[ 73%] [32mBuilding CXX object CMakeFiles/franka_msgs__rosidl_typesupport_fastrtps_c.dir/rosidl_typesupport_fastrtps_c/franka_msgs/srv/detail/error_recovery__type_support_c.cpp.o[0m
[ 74%] [32mBuilding CXX object CMakeFiles/franka_msgs__rosidl_typesupport_fastrtps_c.dir/rosidl_typesupport_fastrtps_c/franka_msgs/action/detail/homing__type_support_c.cpp.o[0m
[ 75%] [32mBuilding CXX object CMakeFiles/franka_msgs__rosidl_typesupport_fastrtps_c.dir/rosidl_typesupport_fastrtps_c/franka_msgs/action/detail/move__type_support_c.cpp.o[0m
[ 76%] [32mBuilding CXX object CMakeFiles/franka_msgs__rosidl_typesupport_fastrtps_c.dir/rosidl_typesupport_fastrtps_c/franka_msgs/srv/detail/set_cartesian_stiffness__type_support_c.cpp.o[0m
[ 77%] [32mBuilding CXX object CMakeFiles/franka_msgs__rosidl_typesupport_fastrtps_c.dir/rosidl_typesupport_fastrtps_c/franka_msgs/srv/detail/set_tcp_frame__type_support_c.cpp.o[0m
[ 77%] [32mBuilding CXX object CMakeFiles/franka_msgs__rosidl_typesupport_fastrtps_c.dir/rosidl_typesupport_fastrtps_c/franka_msgs/srv/detail/set_force_torque_collision_behavior__type_support_c.cpp.o[0m
[ 78%] [32mBuilding CXX object CMakeFiles/franka_msgs__rosidl_typesupport_fastrtps_c.dir/rosidl_typesupport_fastrtps_c/franka_msgs/srv/detail/set_full_collision_behavior__type_support_c.cpp.o[0m
[ 78%] [32mBuilding CXX object CMakeFiles/franka_msgs__rosidl_typesupport_fastrtps_c.dir/rosidl_typesupport_fastrtps_c/franka_msgs/srv/detail/set_joint_stiffness__type_support_c.cpp.o[0m
[ 79%] [32mBuilding CXX object CMakeFiles/franka_msgs__rosidl_typesupport_fastrtps_c.dir/rosidl_typesupport_fastrtps_c/franka_msgs/srv/detail/set_stiffness_frame__type_support_c.cpp.o[0m
[ 79%] [32m[1mLinking C shared library libfranka_msgs__rosidl_typesupport_introspection_c.so[0m
[ 79%] Built target franka_msgs__rosidl_typesupport_introspection_c
[ 80%] [32mBuilding CXX object CMakeFiles/franka_msgs__rosidl_typesupport_fastrtps_c.dir/rosidl_typesupport_fastrtps_c/franka_msgs/srv/detail/set_load__type_support_c.cpp.o[0m
[ 80%] [32mBuilding CXX object CMakeFiles/franka_msgs__rosidl_typesupport_fastrtps_c.dir/rosidl_typesupport_fastrtps_c/franka_msgs/srv/detail/set_mujoco_poses__type_support_c.cpp.o[0m
[ 81%] [32mBuilding CXX object CMakeFiles/franka_msgs__rosidl_typesupport_fastrtps_c.dir/rosidl_typesupport_fastrtps_c/franka_msgs/msg/detail/grasp_epsilon__type_support_c.cpp.o[0m
[ 82%] [32mBuilding CXX object CMakeFiles/franka_msgs__rosidl_typesupport_fastrtps_c.dir/rosidl_typesupport_fastrtps_c/franka_msgs/msg/detail/franka_state__type_support_c.cpp.o[0m
[ 82%] [32mBuilding CXX object CMakeFiles/franka_msgs__rosidl_typesupport_fastrtps_c.dir/rosidl_typesupport_fastrtps_c/franka_msgs/msg/detail/franka_model__type_support_c.cpp.o[0m
[ 82%] [32m[1mLinking CXX shared library libfranka_msgs__rosidl_typesupport_fastrtps_cpp.so[0m
[ 83%] [32mBuilding CXX object CMakeFiles/franka_msgs__rosidl_typesupport_fastrtps_c.dir/rosidl_typesupport_fastrtps_c/franka_msgs/msg/detail/errors__type_support_c.cpp.o[0m
[ 84%] [32mBuilding CXX object CMakeFiles/franka_msgs__rosidl_typesupport_fastrtps_c.dir/rosidl_typesupport_fastrtps_c/franka_msgs/msg/detail/pose_stamped_array__type_support_c.cpp.o[0m
[ 84%] Built target franka_msgs__rosidl_typesupport_fastrtps_cpp
[ 84%] [32m[1mLinking CXX shared library libfranka_msgs__rosidl_typesupport_fastrtps_c.so[0m
[ 84%] Built target franka_msgs__rosidl_typesupport_fastrtps_c
[ 84%] Built target franka_msgs
[ 85%] [34m[1mGenerating Python code for ROS interfaces[0m
[ 85%] Built target franka_msgs__py
[ 85%] [32mBuilding C object CMakeFiles/franka_msgs__rosidl_generator_py.dir/rosidl_generator_py/franka_msgs/action/_grasp_s.c.o[0m
[ 85%] [32mBuilding C object CMakeFiles/franka_msgs__rosidl_generator_py.dir/rosidl_generator_py/franka_msgs/srv/_error_recovery_s.c.o[0m
[ 85%] [32mBuilding C object CMakeFiles/franka_msgs__rosidl_generator_py.dir/rosidl_generator_py/franka_msgs/srv/_set_tcp_frame_s.c.o[0m
[ 86%] [32mBuilding C object CMakeFiles/franka_msgs__rosidl_generator_py.dir/rosidl_generator_py/franka_msgs/action/_move_s.c.o[0m
[ 88%] [32mBuilding C object CMakeFiles/franka_msgs__rosidl_generator_py.dir/rosidl_generator_py/franka_msgs/action/_homing_s.c.o[0m
[ 88%] [32mBuilding C object CMakeFiles/franka_msgs__rosidl_generator_py.dir/rosidl_generator_py/franka_msgs/srv/_set_load_s.c.o[0m
[ 89%] [32mBuilding C object CMakeFiles/franka_msgs__rosidl_generator_py.dir/rosidl_generator_py/franka_msgs/srv/_set_mujoco_poses_s.c.o[0m
[ 90%] [32mBuilding C object CMakeFiles/franka_msgs__rosidl_generator_py.dir/rosidl_generator_py/franka_msgs/srv/_set_joint_stiffness_s.c.o[0m
[ 90%] [32mBuilding C object CMakeFiles/franka_msgs__rosidl_generator_py.dir/rosidl_generator_py/franka_msgs/srv/_set_cartesian_stiffness_s.c.o[0m
[ 91%] [32mBuilding C object CMakeFiles/franka_msgs__rosidl_generator_py.dir/rosidl_generator_py/franka_msgs/srv/_set_force_torque_collision_behavior_s.c.o[0m
[ 91%] [32mBuilding C object CMakeFiles/franka_msgs__rosidl_generator_py.dir/rosidl_generator_py/franka_msgs/srv/_set_full_collision_behavior_s.c.o[0m
[ 92%] [32mBuilding C object CMakeFiles/franka_msgs__rosidl_generator_py.dir/rosidl_generator_py/franka_msgs/srv/_set_stiffness_frame_s.c.o[0m
[ 93%] [32mBuilding C object CMakeFiles/franka_msgs__rosidl_generator_py.dir/rosidl_generator_py/franka_msgs/msg/_grasp_epsilon_s.c.o[0m
[ 94%] [32mBuilding C object CMakeFiles/franka_msgs__rosidl_generator_py.dir/rosidl_generator_py/franka_msgs/msg/_franka_state_s.c.o[0m
[ 94%] [32mBuilding C object CMakeFiles/franka_msgs__rosidl_generator_py.dir/rosidl_generator_py/franka_msgs/msg/_franka_model_s.c.o[0m
[ 95%] [32mBuilding C object CMakeFiles/franka_msgs__rosidl_generator_py.dir/rosidl_generator_py/franka_msgs/msg/_errors_s.c.o[0m
[ 95%] [32mBuilding C object CMakeFiles/franka_msgs__rosidl_generator_py.dir/rosidl_generator_py/franka_msgs/msg/_pose_stamped_array_s.c.o[0m
[ 96%] [32m[1mLinking C shared library rosidl_generator_py/franka_msgs/libfranka_msgs__rosidl_generator_py.so[0m
[ 96%] Built target franka_msgs__rosidl_generator_py
[ 97%] [32mBuilding C object CMakeFiles/franka_msgs__rosidl_typesupport_introspection_c__pyext.dir/rosidl_generator_py/franka_msgs/_franka_msgs_s.ep.rosidl_typesupport_introspection_c.c.o[0m
[ 98%] [32mBuilding C object CMakeFiles/franka_msgs__rosidl_typesupport_fastrtps_c__pyext.dir/rosidl_generator_py/franka_msgs/_franka_msgs_s.ep.rosidl_typesupport_fastrtps_c.c.o[0m
[ 99%] [32mBuilding C object CMakeFiles/franka_msgs__rosidl_typesupport_c__pyext.dir/rosidl_generator_py/franka_msgs/_franka_msgs_s.ep.rosidl_typesupport_c.c.o[0m
[ 99%] [32m[1mLinking C shared library rosidl_generator_py/franka_msgs/franka_msgs_s__rosidl_typesupport_fastrtps_c.cpython-310-x86_64-linux-gnu.so[0m
[100%] [32m[1mLinking C shared library rosidl_generator_py/franka_msgs/franka_msgs_s__rosidl_typesupport_introspection_c.cpython-310-x86_64-linux-gnu.so[0m
[100%] Built target franka_msgs__rosidl_typesupport_fastrtps_c__pyext
[100%] Built target franka_msgs__rosidl_typesupport_introspection_c__pyext
[100%] [32m[1mLinking C shared library rosidl_generator_py/franka_msgs/franka_msgs_s__rosidl_typesupport_c.cpython-310-x86_64-linux-gnu.so[0m
[100%] Built target franka_msgs__rosidl_typesupport_c__pyext
-- Install configuration: "Release"
-- Installing: /home/bibek/Summer_Research/multipanda_ros2/install/franka_msgs/share/ament_index/resource_index/rosidl_interfaces/franka_msgs
-- Installing: /home/bibek/Summer_Research/multipanda_ros2/install/franka_msgs/include/franka_msgs/franka_msgs
-- Installing: /home/bibek/Summer_Research/multipanda_ros2/install/franka_msgs/include/franka_msgs/franka_msgs/action
-- Installing: /home/bibek/Summer_Research/multipanda_ros2/install/franka_msgs/include/franka_msgs/franka_msgs/action/move.h
-- Installing: /home/bibek/Summer_Research/multipanda_ros2/install/franka_msgs/include/franka_msgs/franka_msgs/action/homing.h
-- Installing: /home/bibek/Summer_Research/multipanda_ros2/install/franka_msgs/include/franka_msgs/franka_msgs/action/detail
-- Installing: /home/bibek/Summer_Research/multipanda_ros2/install/franka_msgs/include/franka_msgs/franka_msgs/action/detail/grasp__functions.h
-- Installing: /home/bibek/Summer_Research/multipanda_ros2/install/franka_msgs/include/franka_msgs/franka_msgs/action/detail/grasp__functions.c
-- Installing: /home/bibek/Summer_Research/multipanda_ros2/install/franka_msgs/include/franka_msgs/franka_msgs/action/detail/grasp__type_support.h
-- Installing: /home/bibek/Summer_Research/multipanda_ros2/install/franka_msgs/include/franka_msgs/franka_msgs/action/detail/homing__functions.h
-- Installing: /home/bibek/Summer_Research/multipanda_ros2/install/franka_msgs/include/franka_msgs/franka_msgs/action/detail/homing__struct.h
-- Installing: /home/bibek/Summer_Research/multipanda_ros2/install/franka_msgs/include/franka_msgs/franka_msgs/action/detail/move__struct.h
-- Installing: /home/bibek/Summer_Research/multipanda_ros2/install/franka_msgs/include/franka_msgs/franka_msgs/action/detail/grasp__struct.h
-- Installing: /home/bibek/Summer_Research/multipanda_ros2/install/franka_msgs/include/franka_msgs/franka_msgs/action/detail/homing__type_support.h
-- Installing: /home/bibek/Summer_Research/multipanda_ros2/install/franka_msgs/include/franka_msgs/franka_msgs/action/detail/homing__functions.c
-- Installing: /home/bibek/Summer_Research/multipanda_ros2/install/franka_msgs/include/franka_msgs/franka_msgs/action/detail/move__functions.c
-- Installing: /home/bibek/Summer_Research/multipanda_ros2/install/franka_msgs/include/franka_msgs/franka_msgs/action/detail/move__functions.h
-- Installing: /home/bibek/Summer_Research/multipanda_ros2/install/franka_msgs/include/franka_msgs/franka_msgs/action/detail/move__type_support.h
-- Installing: /home/bibek/Summer_Research/multipanda_ros2/install/franka_msgs/include/franka_msgs/franka_msgs/action/grasp.h
-- Installing: /home/bibek/Summer_Research/multipanda_ros2/install/franka_msgs/include/franka_msgs/franka_msgs/msg
-- Installing: /home/bibek/Summer_Research/multipanda_ros2/install/franka_msgs/include/franka_msgs/franka_msgs/msg/errors.h
-- Installing: /home/bibek/Summer_Research/multipanda_ros2/install/franka_msgs/include/franka_msgs/franka_msgs/msg/grasp_epsilon.h
-- Installing: /home/bibek/Summer_Research/multipanda_ros2/install/franka_msgs/include/franka_msgs/franka_msgs/msg/franka_state.h
-- Installing: /home/bibek/Summer_Research/multipanda_ros2/install/franka_msgs/include/franka_msgs/franka_msgs/msg/franka_model.h
-- Installing: /home/bibek/Summer_Research/multipanda_ros2/install/franka_msgs/include/franka_msgs/franka_msgs/msg/detail
-- Installing: /home/bibek/Summer_Research/multipanda_ros2/install/franka_msgs/include/franka_msgs/franka_msgs/msg/detail/franka_state__struct.h
-- Installing: /home/bibek/Summer_Research/multipanda_ros2/install/franka_msgs/include/franka_msgs/franka_msgs/msg/detail/errors__functions.h
-- Installing: /home/bibek/Summer_Research/multipanda_ros2/install/franka_msgs/include/franka_msgs/franka_msgs/msg/detail/franka_state__functions.c
-- Installing: /home/bibek/Summer_Research/multipanda_ros2/install/franka_msgs/include/franka_msgs/franka_msgs/msg/detail/grasp_epsilon__functions.h
-- Installing: /home/bibek/Summer_Research/multipanda_ros2/install/franka_msgs/include/franka_msgs/franka_msgs/msg/detail/pose_stamped_array__type_support.h
-- Installing: /home/bibek/Summer_Research/multipanda_ros2/install/franka_msgs/include/franka_msgs/franka_msgs/msg/detail/franka_state__type_support.h
-- Installing: /home/bibek/Summer_Research/multipanda_ros2/install/franka_msgs/include/franka_msgs/franka_msgs/msg/detail/grasp_epsilon__struct.h
-- Installing: /home/bibek/Summer_Research/multipanda_ros2/install/franka_msgs/include/franka_msgs/franka_msgs/msg/detail/errors__functions.c
-- Installing: /home/bibek/Summer_Research/multipanda_ros2/install/franka_msgs/include/franka_msgs/franka_msgs/msg/detail/grasp_epsilon__functions.c
-- Installing: /home/bibek/Summer_Research/multipanda_ros2/install/franka_msgs/include/franka_msgs/franka_msgs/msg/detail/franka_model__functions.c
-- Installing: /home/bibek/Summer_Research/multipanda_ros2/install/franka_msgs/include/franka_msgs/franka_msgs/msg/detail/grasp_epsilon__type_support.h
-- Installing: /home/bibek/Summer_Research/multipanda_ros2/install/franka_msgs/include/franka_msgs/franka_msgs/msg/detail/franka_model__type_support.h
-- Installing: /home/bibek/Summer_Research/multipanda_ros2/install/franka_msgs/include/franka_msgs/franka_msgs/msg/detail/franka_model__struct.h
-- Installing: /home/bibek/Summer_Research/multipanda_ros2/install/franka_msgs/include/franka_msgs/franka_msgs/msg/detail/errors__type_support.h
-- Installing: /home/bibek/Summer_Research/multipanda_ros2/install/franka_msgs/include/franka_msgs/franka_msgs/msg/detail/pose_stamped_array__functions.c
-- Installing: /home/bibek/Summer_Research/multipanda_ros2/install/franka_msgs/include/franka_msgs/franka_msgs/msg/detail/franka_state__functions.h
-- Installing: /home/bibek/Summer_Research/multipanda_ros2/install/franka_msgs/include/franka_msgs/franka_msgs/msg/detail/pose_stamped_array__struct.h
-- Installing: /home/bibek/Summer_Research/multipanda_ros2/install/franka_msgs/include/franka_msgs/franka_msgs/msg/detail/franka_model__functions.h
-- Installing: /home/bibek/Summer_Research/multipanda_ros2/install/franka_msgs/include/franka_msgs/franka_msgs/msg/detail/pose_stamped_array__functions.h
-- Installing: /home/bibek/Summer_Research/multipanda_ros2/install/franka_msgs/include/franka_msgs/franka_msgs/msg/detail/errors__struct.h
-- Installing: /home/bibek/Summer_Research/multipanda_ros2/install/franka_msgs/include/franka_msgs/franka_msgs/msg/pose_stamped_array.h
-- Installing: /home/bibek/Summer_Research/multipanda_ros2/install/franka_msgs/include/franka_msgs/franka_msgs/msg/rosidl_generator_c__visibility_control.h
-- Installing: /home/bibek/Summer_Research/multipanda_ros2/install/franka_msgs/include/franka_msgs/franka_msgs/srv
-- Installing: /home/bibek/Summer_Research/multipanda_ros2/install/franka_msgs/include/franka_msgs/franka_msgs/srv/set_full_collision_behavior.h
-- Installing: /home/bibek/Summer_Research/multipanda_ros2/install/franka_msgs/include/franka_msgs/franka_msgs/srv/set_joint_stiffness.h
-- Installing: /home/bibek/Summer_Research/multipanda_ros2/install/franka_msgs/include/franka_msgs/franka_msgs/srv/set_cartesian_stiffness.h
-- Installing: /home/bibek/Summer_Research/multipanda_ros2/install/franka_msgs/include/franka_msgs/franka_msgs/srv/set_stiffness_frame.h
-- Installing: /home/bibek/Summer_Research/multipanda_ros2/install/franka_msgs/include/franka_msgs/franka_msgs/srv/set_mujoco_poses.h
-- Installing: /home/bibek/Summer_Research/multipanda_ros2/install/franka_msgs/include/franka_msgs/franka_msgs/srv/set_tcp_frame.h
-- Installing: /home/bibek/Summer_Research/multipanda_ros2/install/franka_msgs/include/franka_msgs/franka_msgs/srv/set_load.h
-- Installing: /home/bibek/Summer_Research/multipanda_ros2/install/franka_msgs/include/franka_msgs/franka_msgs/srv/detail
-- Installing: /home/bibek/Summer_Research/multipanda_ros2/install/franka_msgs/include/franka_msgs/franka_msgs/srv/detail/set_joint_stiffness__functions.c
-- Installing: /home/bibek/Summer_Research/multipanda_ros2/install/franka_msgs/include/franka_msgs/franka_msgs/srv/detail/set_joint_stiffness__struct.h
-- Installing: /home/bibek/Summer_Research/multipanda_ros2/install/franka_msgs/include/franka_msgs/franka_msgs/srv/detail/set_cartesian_stiffness__type_support.h
-- Installing: /home/bibek/Summer_Research/multipanda_ros2/install/franka_msgs/include/franka_msgs/franka_msgs/srv/detail/error_recovery__type_support.h
-- Installing: /home/bibek/Summer_Research/multipanda_ros2/install/franka_msgs/include/franka_msgs/franka_msgs/srv/detail/set_tcp_frame__struct.h
-- Installing: /home/bibek/Summer_Research/multipanda_ros2/install/franka_msgs/include/franka_msgs/franka_msgs/srv/detail/set_cartesian_stiffness__functions.c
-- Installing: /home/bibek/Summer_Research/multipanda_ros2/install/franka_msgs/include/franka_msgs/franka_msgs/srv/detail/set_load__functions.h
-- Installing: /home/bibek/Summer_Research/multipanda_ros2/install/franka_msgs/include/franka_msgs/franka_msgs/srv/detail/set_stiffness_frame__functions.c
-- Installing: /home/bibek/Summer_Research/multipanda_ros2/install/franka_msgs/include/franka_msgs/franka_msgs/srv/detail/set_mujoco_poses__type_support.h
-- Installing: /home/bibek/Summer_Research/multipanda_ros2/install/franka_msgs/include/franka_msgs/franka_msgs/srv/detail/set_cartesian_stiffness__functions.h
-- Installing: /home/bibek/Summer_Research/multipanda_ros2/install/franka_msgs/include/franka_msgs/franka_msgs/srv/detail/set_cartesian_stiffness__struct.h
-- Installing: /home/bibek/Summer_Research/multipanda_ros2/install/franka_msgs/include/franka_msgs/franka_msgs/srv/detail/set_tcp_frame__functions.c
-- Installing: /home/bibek/Summer_Research/multipanda_ros2/install/franka_msgs/include/franka_msgs/franka_msgs/srv/detail/set_tcp_frame__type_support.h
-- Installing: /home/bibek/Summer_Research/multipanda_ros2/install/franka_msgs/include/franka_msgs/franka_msgs/srv/detail/error_recovery__struct.h
-- Installing: /home/bibek/Summer_Research/multipanda_ros2/install/franka_msgs/include/franka_msgs/franka_msgs/srv/detail/set_mujoco_poses__functions.h
-- Installing: /home/bibek/Summer_Research/multipanda_ros2/install/franka_msgs/include/franka_msgs/franka_msgs/srv/detail/error_recovery__functions.h
-- Installing: /home/bibek/Summer_Research/multipanda_ros2/install/franka_msgs/include/franka_msgs/franka_msgs/srv/detail/set_stiffness_frame__type_support.h
-- Installing: /home/bibek/Summer_Research/multipanda_ros2/install/franka_msgs/include/franka_msgs/franka_msgs/srv/detail/set_full_collision_behavior__functions.c
-- Installing: /home/bibek/Summer_Research/multipanda_ros2/install/franka_msgs/include/franka_msgs/franka_msgs/srv/detail/set_load__type_support.h
-- Installing: /home/bibek/Summer_Research/multipanda_ros2/install/franka_msgs/include/franka_msgs/franka_msgs/srv/detail/set_joint_stiffness__type_support.h
-- Installing: /home/bibek/Summer_Research/multipanda_ros2/install/franka_msgs/include/franka_msgs/franka_msgs/srv/detail/set_force_torque_collision_behavior__functions.h
-- Installing: /home/bibek/Summer_Research/multipanda_ros2/install/franka_msgs/include/franka_msgs/franka_msgs/srv/detail/set_full_collision_behavior__struct.h
-- Installing: /home/bibek/Summer_Research/multipanda_ros2/install/franka_msgs/include/franka_msgs/franka_msgs/srv/detail/set_load__functions.c
-- Installing: /home/bibek/Summer_Research/multipanda_ros2/install/franka_msgs/include/franka_msgs/franka_msgs/srv/detail/set_mujoco_poses__struct.h
-- Installing: /home/bibek/Summer_Research/multipanda_ros2/install/franka_msgs/include/franka_msgs/franka_msgs/srv/detail/set_stiffness_frame__functions.h
-- Installing: /home/bibek/Summer_Research/multipanda_ros2/install/franka_msgs/include/franka_msgs/franka_msgs/srv/detail/set_load__struct.h
-- Installing: /home/bibek/Summer_Research/multipanda_ros2/install/franka_msgs/include/franka_msgs/franka_msgs/srv/detail/set_joint_stiffness__functions.h
-- Installing: /home/bibek/Summer_Research/multipanda_ros2/install/franka_msgs/include/franka_msgs/franka_msgs/srv/detail/set_tcp_frame__functions.h
-- Installing: /home/bibek/Summer_Research/multipanda_ros2/install/franka_msgs/include/franka_msgs/franka_msgs/srv/detail/set_force_torque_collision_behavior__type_support.h
-- Installing: /home/bibek/Summer_Research/multipanda_ros2/install/franka_msgs/include/franka_msgs/franka_msgs/srv/detail/set_mujoco_poses__functions.c
-- Installing: /home/bibek/Summer_Research/multipanda_ros2/install/franka_msgs/include/franka_msgs/franka_msgs/srv/detail/set_force_torque_collision_behavior__functions.c
-- Installing: /home/bibek/Summer_Research/multipanda_ros2/install/franka_msgs/include/franka_msgs/franka_msgs/srv/detail/set_stiffness_frame__struct.h
-- Installing: /home/bibek/Summer_Research/multipanda_ros2/install/franka_msgs/include/franka_msgs/franka_msgs/srv/detail/error_recovery__functions.c
-- Installing: /home/bibek/Summer_Research/multipanda_ros2/install/franka_msgs/include/franka_msgs/franka_msgs/srv/detail/set_force_torque_collision_behavior__struct.h
-- Installing: /home/bibek/Summer_Research/multipanda_ros2/install/franka_msgs/include/franka_msgs/franka_msgs/srv/detail/set_full_collision_behavior__type_support.h
-- Installing: /home/bibek/Summer_Research/multipanda_ros2/install/franka_msgs/include/franka_msgs/franka_msgs/srv/detail/set_full_collision_behavior__functions.h
-- Installing: /home/bibek/Summer_Research/multipanda_ros2/install/franka_msgs/include/franka_msgs/franka_msgs/srv/set_force_torque_collision_behavior.h
-- Installing: /home/bibek/Summer_Research/multipanda_ros2/install/franka_msgs/include/franka_msgs/franka_msgs/srv/error_recovery.h
-- Installing: /home/bibek/Summer_Research/multipanda_ros2/install/franka_msgs/share/franka_msgs/environment/library_path.sh
-- Installing: /home/bibek/Summer_Research/multipanda_ros2/install/franka_msgs/share/franka_msgs/environment/library_path.dsv
-- Installing: /home/bibek/Summer_Research/multipanda_ros2/install/franka_msgs/lib/libfranka_msgs__rosidl_generator_c.so
-- Set runtime path of "/home/bibek/Summer_Research/multipanda_ros2/install/franka_msgs/lib/libfranka_msgs__rosidl_generator_c.so" to ""
-- Up-to-date: /home/bibek/Summer_Research/multipanda_ros2/install/franka_msgs/include/franka_msgs/franka_msgs
-- Up-to-date: /home/bibek/Summer_Research/multipanda_ros2/install/franka_msgs/include/franka_msgs/franka_msgs/action
-- Up-to-date: /home/bibek/Summer_Research/multipanda_ros2/install/franka_msgs/include/franka_msgs/franka_msgs/action/detail
-- Installing: /home/bibek/Summer_Research/multipanda_ros2/install/franka_msgs/include/franka_msgs/franka_msgs/action/detail/homing__rosidl_typesupport_fastrtps_c.h
-- Installing: /home/bibek/Summer_Research/multipanda_ros2/install/franka_msgs/include/franka_msgs/franka_msgs/action/detail/move__rosidl_typesupport_fastrtps_c.h
-- Installing: /home/bibek/Summer_Research/multipanda_ros2/install/franka_msgs/include/franka_msgs/franka_msgs/action/detail/grasp__rosidl_typesupport_fastrtps_c.h
-- Up-to-date: /home/bibek/Summer_Research/multipanda_ros2/install/franka_msgs/include/franka_msgs/franka_msgs/msg
-- Installing: /home/bibek/Summer_Research/multipanda_ros2/install/franka_msgs/include/franka_msgs/franka_msgs/msg/rosidl_typesupport_fastrtps_c__visibility_control.h
-- Up-to-date: /home/bibek/Summer_Research/multipanda_ros2/install/franka_msgs/include/franka_msgs/franka_msgs/msg/detail
-- Installing: /home/bibek/Summer_Research/multipanda_ros2/install/franka_msgs/include/franka_msgs/franka_msgs/msg/detail/franka_state__rosidl_typesupport_fastrtps_c.h
-- Installing: /home/bibek/Summer_Research/multipanda_ros2/install/franka_msgs/include/franka_msgs/franka_msgs/msg/detail/errors__rosidl_typesupport_fastrtps_c.h
-- Installing: /home/bibek/Summer_Research/multipanda_ros2/install/franka_msgs/include/franka_msgs/franka_msgs/msg/detail/grasp_epsilon__rosidl_typesupport_fastrtps_c.h
-- Installing: /home/bibek/Summer_Research/multipanda_ros2/install/franka_msgs/include/franka_msgs/franka_msgs/msg/detail/franka_model__rosidl_typesupport_fastrtps_c.h
-- Installing: /home/bibek/Summer_Research/multipanda_ros2/install/franka_msgs/include/franka_msgs/franka_msgs/msg/detail/pose_stamped_array__rosidl_typesupport_fastrtps_c.h
-- Up-to-date: /home/bibek/Summer_Research/multipanda_ros2/install/franka_msgs/include/franka_msgs/franka_msgs/srv
-- Up-to-date: /home/bibek/Summer_Research/multipanda_ros2/install/franka_msgs/include/franka_msgs/franka_msgs/srv/detail
-- Installing: /home/bibek/Summer_Research/multipanda_ros2/install/franka_msgs/include/franka_msgs/franka_msgs/srv/detail/set_tcp_frame__rosidl_typesupport_fastrtps_c.h
-- Installing: /home/bibek/Summer_Research/multipanda_ros2/install/franka_msgs/include/franka_msgs/franka_msgs/srv/detail/set_stiffness_frame__rosidl_typesupport_fastrtps_c.h
-- Installing: /home/bibek/Summer_Research/multipanda_ros2/install/franka_msgs/include/franka_msgs/franka_msgs/srv/detail/set_mujoco_poses__rosidl_typesupport_fastrtps_c.h
-- Installing: /home/bibek/Summer_Research/multipanda_ros2/install/franka_msgs/include/franka_msgs/franka_msgs/srv/detail/set_cartesian_stiffness__rosidl_typesupport_fastrtps_c.h
-- Installing: /home/bibek/Summer_Research/multipanda_ros2/install/franka_msgs/include/franka_msgs/franka_msgs/srv/detail/set_full_collision_behavior__rosidl_typesupport_fastrtps_c.h
-- Installing: /home/bibek/Summer_Research/multipanda_ros2/install/franka_msgs/include/franka_msgs/franka_msgs/srv/detail/set_load__rosidl_typesupport_fastrtps_c.h
-- Installing: /home/bibek/Summer_Research/multipanda_ros2/install/franka_msgs/include/franka_msgs/franka_msgs/srv/detail/set_joint_stiffness__rosidl_typesupport_fastrtps_c.h
-- Installing: /home/bibek/Summer_Research/multipanda_ros2/install/franka_msgs/include/franka_msgs/franka_msgs/srv/detail/set_force_torque_collision_behavior__rosidl_typesupport_fastrtps_c.h
-- Installing: /home/bibek/Summer_Research/multipanda_ros2/install/franka_msgs/include/franka_msgs/franka_msgs/srv/detail/error_recovery__rosidl_typesupport_fastrtps_c.h
-- Installing: /home/bibek/Summer_Research/multipanda_ros2/install/franka_msgs/lib/libfranka_msgs__rosidl_typesupport_fastrtps_c.so
-- Set runtime path of "/home/bibek/Summer_Research/multipanda_ros2/install/franka_msgs/lib/libfranka_msgs__rosidl_typesupport_fastrtps_c.so" to ""
-- Up-to-date: /home/bibek/Summer_Research/multipanda_ros2/install/franka_msgs/include/franka_msgs/franka_msgs
-- Up-to-date: /home/bibek/Summer_Research/multipanda_ros2/install/franka_msgs/include/franka_msgs/franka_msgs/action
-- Up-to-date: /home/bibek/Summer_Research/multipanda_ros2/install/franka_msgs/include/franka_msgs/franka_msgs/action/detail
-- Installing: /home/bibek/Summer_Research/multipanda_ros2/install/franka_msgs/include/franka_msgs/franka_msgs/action/detail/move__type_support.c
-- Installing: /home/bibek/Summer_Research/multipanda_ros2/install/franka_msgs/include/franka_msgs/franka_msgs/action/detail/homing__rosidl_typesupport_introspection_c.h
-- Installing: /home/bibek/Summer_Research/multipanda_ros2/install/franka_msgs/include/franka_msgs/franka_msgs/action/detail/grasp__rosidl_typesupport_introspection_c.h
-- Installing: /home/bibek/Summer_Research/multipanda_ros2/install/franka_msgs/include/franka_msgs/franka_msgs/action/detail/homing__type_support.c
-- Installing: /home/bibek/Summer_Research/multipanda_ros2/install/franka_msgs/include/franka_msgs/franka_msgs/action/detail/move__rosidl_typesupport_introspection_c.h
-- Installing: /home/bibek/Summer_Research/multipanda_ros2/install/franka_msgs/include/franka_msgs/franka_msgs/action/detail/grasp__type_support.c
-- Up-to-date: /home/bibek/Summer_Research/multipanda_ros2/install/franka_msgs/include/franka_msgs/franka_msgs/msg
-- Installing: /home/bibek/Summer_Research/multipanda_ros2/install/franka_msgs/include/franka_msgs/franka_msgs/msg/rosidl_typesupport_introspection_c__visibility_control.h
-- Up-to-date: /home/bibek/Summer_Research/multipanda_ros2/install/franka_msgs/include/franka_msgs/franka_msgs/msg/detail
-- Installing: /home/bibek/Summer_Research/multipanda_ros2/install/franka_msgs/include/franka_msgs/franka_msgs/msg/detail/grasp_epsilon__rosidl_typesupport_introspection_c.h
-- Installing: /home/bibek/Summer_Research/multipanda_ros2/install/franka_msgs/include/franka_msgs/franka_msgs/msg/detail/franka_state__type_support.c
-- Installing: /home/bibek/Summer_Research/multipanda_ros2/install/franka_msgs/include/franka_msgs/franka_msgs/msg/detail/franka_model__rosidl_typesupport_introspection_c.h
-- Installing: /home/bibek/Summer_Research/multipanda_ros2/install/franka_msgs/include/franka_msgs/franka_msgs/msg/detail/errors__rosidl_typesupport_introspection_c.h
-- Installing: /home/bibek/Summer_Research/multipanda_ros2/install/franka_msgs/include/franka_msgs/franka_msgs/msg/detail/grasp_epsilon__type_support.c
-- Installing: /home/bibek/Summer_Research/multipanda_ros2/install/franka_msgs/include/franka_msgs/franka_msgs/msg/detail/pose_stamped_array__rosidl_typesupport_introspection_c.h
-- Installing: /home/bibek/Summer_Research/multipanda_ros2/install/franka_msgs/include/franka_msgs/franka_msgs/msg/detail/pose_stamped_array__type_support.c
-- Installing: /home/bibek/Summer_Research/multipanda_ros2/install/franka_msgs/include/franka_msgs/franka_msgs/msg/detail/errors__type_support.c
-- Installing: /home/bibek/Summer_Research/multipanda_ros2/install/franka_msgs/include/franka_msgs/franka_msgs/msg/detail/franka_state__rosidl_typesupport_introspection_c.h
-- Installing: /home/bibek/Summer_Research/multipanda_ros2/install/franka_msgs/include/franka_msgs/franka_msgs/msg/detail/franka_model__type_support.c
-- Up-to-date: /home/bibek/Summer_Research/multipanda_ros2/install/franka_msgs/include/franka_msgs/franka_msgs/srv
-- Up-to-date: /home/bibek/Summer_Research/multipanda_ros2/install/franka_msgs/include/franka_msgs/franka_msgs/srv/detail
-- Installing: /home/bibek/Summer_Research/multipanda_ros2/install/franka_msgs/include/franka_msgs/franka_msgs/srv/detail/set_stiffness_frame__type_support.c
-- Installing: /home/bibek/Summer_Research/multipanda_ros2/install/franka_msgs/include/franka_msgs/franka_msgs/srv/detail/set_mujoco_poses__type_support.c
-- Installing: /home/bibek/Summer_Research/multipanda_ros2/install/franka_msgs/include/franka_msgs/franka_msgs/srv/detail/set_cartesian_stiffness__rosidl_typesupport_introspection_c.h
-- Installing: /home/bibek/Summer_Research/multipanda_ros2/install/franka_msgs/include/franka_msgs/franka_msgs/srv/detail/error_recovery__rosidl_typesupport_introspection_c.h
-- Installing: /home/bibek/Summer_Research/multipanda_ros2/install/franka_msgs/include/franka_msgs/franka_msgs/srv/detail/set_mujoco_poses__rosidl_typesupport_introspection_c.h
-- Installing: /home/bibek/Summer_Research/multipanda_ros2/install/franka_msgs/include/franka_msgs/franka_msgs/srv/detail/set_force_torque_collision_behavior__rosidl_typesupport_introspection_c.h
-- Installing: /home/bibek/Summer_Research/multipanda_ros2/install/franka_msgs/include/franka_msgs/franka_msgs/srv/detail/set_full_collision_behavior__type_support.c
-- Installing: /home/bibek/Summer_Research/multipanda_ros2/install/franka_msgs/include/franka_msgs/franka_msgs/srv/detail/error_recovery__type_support.c
-- Installing: /home/bibek/Summer_Research/multipanda_ros2/install/franka_msgs/include/franka_msgs/franka_msgs/srv/detail/set_joint_stiffness__rosidl_typesupport_introspection_c.h
-- Installing: /home/bibek/Summer_Research/multipanda_ros2/install/franka_msgs/include/franka_msgs/franka_msgs/srv/detail/set_tcp_frame__rosidl_typesupport_introspection_c.h
-- Installing: /home/bibek/Summer_Research/multipanda_ros2/install/franka_msgs/include/franka_msgs/franka_msgs/srv/detail/set_stiffness_frame__rosidl_typesupport_introspection_c.h
-- Installing: /home/bibek/Summer_Research/multipanda_ros2/install/franka_msgs/include/franka_msgs/franka_msgs/srv/detail/set_load__type_support.c
-- Installing: /home/bibek/Summer_Research/multipanda_ros2/install/franka_msgs/include/franka_msgs/franka_msgs/srv/detail/set_load__rosidl_typesupport_introspection_c.h
-- Installing: /home/bibek/Summer_Research/multipanda_ros2/install/franka_msgs/include/franka_msgs/franka_msgs/srv/detail/set_tcp_frame__type_support.c
-- Installing: /home/bibek/Summer_Research/multipanda_ros2/install/franka_msgs/include/franka_msgs/franka_msgs/srv/detail/set_force_torque_collision_behavior__type_support.c
-- Installing: /home/bibek/Summer_Research/multipanda_ros2/install/franka_msgs/include/franka_msgs/franka_msgs/srv/detail/set_cartesian_stiffness__type_support.c
-- Installing: /home/bibek/Summer_Research/multipanda_ros2/install/franka_msgs/include/franka_msgs/franka_msgs/srv/detail/set_full_collision_behavior__rosidl_typesupport_introspection_c.h
-- Installing: /home/bibek/Summer_Research/multipanda_ros2/install/franka_msgs/include/franka_msgs/franka_msgs/srv/detail/set_joint_stiffness__type_support.c
-- Installing: /home/bibek/Summer_Research/multipanda_ros2/install/franka_msgs/lib/libfranka_msgs__rosidl_typesupport_introspection_c.so
-- Set runtime path of "/home/bibek/Summer_Research/multipanda_ros2/install/franka_msgs/lib/libfranka_msgs__rosidl_typesupport_introspection_c.so" to ""
-- Installing: /home/bibek/Summer_Research/multipanda_ros2/install/franka_msgs/lib/libfranka_msgs__rosidl_typesupport_c.so
-- Set runtime path of "/home/bibek/Summer_Research/multipanda_ros2/install/franka_msgs/lib/libfranka_msgs__rosidl_typesupport_c.so" to ""
-- Up-to-date: /home/bibek/Summer_Research/multipanda_ros2/install/franka_msgs/include/franka_msgs/franka_msgs
-- Up-to-date: /home/bibek/Summer_Research/multipanda_ros2/install/franka_msgs/include/franka_msgs/franka_msgs/action
-- Installing: /home/bibek/Summer_Research/multipanda_ros2/install/franka_msgs/include/franka_msgs/franka_msgs/action/move.hpp
-- Installing: /home/bibek/Summer_Research/multipanda_ros2/install/franka_msgs/include/franka_msgs/franka_msgs/action/homing.hpp
-- Up-to-date: /home/bibek/Summer_Research/multipanda_ros2/install/franka_msgs/include/franka_msgs/franka_msgs/action/detail
-- Installing: /home/bibek/Summer_Research/multipanda_ros2/install/franka_msgs/include/franka_msgs/franka_msgs/action/detail/grasp__type_support.hpp
-- Installing: /home/bibek/Summer_Research/multipanda_ros2/install/franka_msgs/include/franka_msgs/franka_msgs/action/detail/grasp__struct.hpp
-- Installing: /home/bibek/Summer_Research/multipanda_ros2/install/franka_msgs/include/franka_msgs/franka_msgs/action/detail/homing__builder.hpp
-- Installing: /home/bibek/Summer_Research/multipanda_ros2/install/franka_msgs/include/franka_msgs/franka_msgs/action/detail/move__type_support.hpp
-- Installing: /home/bibek/Summer_Research/multipanda_ros2/install/franka_msgs/include/franka_msgs/franka_msgs/action/detail/grasp__builder.hpp
-- Installing: /home/bibek/Summer_Research/multipanda_ros2/install/franka_msgs/include/franka_msgs/franka_msgs/action/detail/move__struct.hpp
-- Installing: /home/bibek/Summer_Research/multipanda_ros2/install/franka_msgs/include/franka_msgs/franka_msgs/action/detail/homing__type_support.hpp
-- Installing: /home/bibek/Summer_Research/multipanda_ros2/install/franka_msgs/include/franka_msgs/franka_msgs/action/detail/homing__traits.hpp
-- Installing: /home/bibek/Summer_Research/multipanda_ros2/install/franka_msgs/include/franka_msgs/franka_msgs/action/detail/homing__struct.hpp
-- Installing: /home/bibek/Summer_Research/multipanda_ros2/install/franka_msgs/include/franka_msgs/franka_msgs/action/detail/grasp__traits.hpp
-- Installing: /home/bibek/Summer_Research/multipanda_ros2/install/franka_msgs/include/franka_msgs/franka_msgs/action/detail/move__traits.hpp
-- Installing: /home/bibek/Summer_Research/multipanda_ros2/install/franka_msgs/include/franka_msgs/franka_msgs/action/detail/move__builder.hpp
-- Installing: /home/bibek/Summer_Research/multipanda_ros2/install/franka_msgs/include/franka_msgs/franka_msgs/action/grasp.hpp
-- Up-to-date: /home/bibek/Summer_Research/multipanda_ros2/install/franka_msgs/include/franka_msgs/franka_msgs/msg
-- Installing: /home/bibek/Summer_Research/multipanda_ros2/install/franka_msgs/include/franka_msgs/franka_msgs/msg/errors.hpp
-- Installing: /home/bibek/Summer_Research/multipanda_ros2/install/franka_msgs/include/franka_msgs/franka_msgs/msg/pose_stamped_array.hpp
-- Installing: /home/bibek/Summer_Research/multipanda_ros2/install/franka_msgs/include/franka_msgs/franka_msgs/msg/rosidl_generator_cpp__visibility_control.hpp
-- Installing: /home/bibek/Summer_Research/multipanda_ros2/install/franka_msgs/include/franka_msgs/franka_msgs/msg/franka_model.hpp
-- Installing: /home/bibek/Summer_Research/multipanda_ros2/install/franka_msgs/include/franka_msgs/franka_msgs/msg/grasp_epsilon.hpp
-- Up-to-date: /home/bibek/Summer_Research/multipanda_ros2/install/franka_msgs/include/franka_msgs/franka_msgs/msg/detail
-- Installing: /home/bibek/Summer_Research/multipanda_ros2/install/franka_msgs/include/franka_msgs/franka_msgs/msg/detail/grasp_epsilon__type_support.hpp
-- Installing: /home/bibek/Summer_Research/multipanda_ros2/install/franka_msgs/include/franka_msgs/franka_msgs/msg/detail/grasp_epsilon__builder.hpp
-- Installing: /home/bibek/Summer_Research/multipanda_ros2/install/franka_msgs/include/franka_msgs/franka_msgs/msg/detail/franka_state__struct.hpp
-- Installing: /home/bibek/Summer_Research/multipanda_ros2/install/franka_msgs/include/franka_msgs/franka_msgs/msg/detail/franka_state__type_support.hpp
-- Installing: /home/bibek/Summer_Research/multipanda_ros2/install/franka_msgs/include/franka_msgs/franka_msgs/msg/detail/pose_stamped_array__struct.hpp
-- Installing: /home/bibek/Summer_Research/multipanda_ros2/install/franka_msgs/include/franka_msgs/franka_msgs/msg/detail/franka_state__traits.hpp
-- Installing: /home/bibek/Summer_Research/multipanda_ros2/install/franka_msgs/include/franka_msgs/franka_msgs/msg/detail/pose_stamped_array__type_support.hpp
-- Installing: /home/bibek/Summer_Research/multipanda_ros2/install/franka_msgs/include/franka_msgs/franka_msgs/msg/detail/pose_stamped_array__builder.hpp
-- Installing: /home/bibek/Summer_Research/multipanda_ros2/install/franka_msgs/include/franka_msgs/franka_msgs/msg/detail/errors__traits.hpp
-- Installing: /home/bibek/Summer_Research/multipanda_ros2/install/franka_msgs/include/franka_msgs/franka_msgs/msg/detail/pose_stamped_array__traits.hpp
-- Installing: /home/bibek/Summer_Research/multipanda_ros2/install/franka_msgs/include/franka_msgs/franka_msgs/msg/detail/errors__type_support.hpp
-- Installing: /home/bibek/Summer_Research/multipanda_ros2/install/franka_msgs/include/franka_msgs/franka_msgs/msg/detail/franka_model__builder.hpp
-- Installing: /home/bibek/Summer_Research/multipanda_ros2/install/franka_msgs/include/franka_msgs/franka_msgs/msg/detail/franka_model__traits.hpp
-- Installing: /home/bibek/Summer_Research/multipanda_ros2/install/franka_msgs/include/franka_msgs/franka_msgs/msg/detail/grasp_epsilon__traits.hpp
-- Installing: /home/bibek/Summer_Research/multipanda_ros2/install/franka_msgs/include/franka_msgs/franka_msgs/msg/detail/franka_model__struct.hpp
-- Installing: /home/bibek/Summer_Research/multipanda_ros2/install/franka_msgs/include/franka_msgs/franka_msgs/msg/detail/grasp_epsilon__struct.hpp
-- Installing: /home/bibek/Summer_Research/multipanda_ros2/install/franka_msgs/include/franka_msgs/franka_msgs/msg/detail/franka_state__builder.hpp
-- Installing: /home/bibek/Summer_Research/multipanda_ros2/install/franka_msgs/include/franka_msgs/franka_msgs/msg/detail/errors__struct.hpp
-- Installing: /home/bibek/Summer_Research/multipanda_ros2/install/franka_msgs/include/franka_msgs/franka_msgs/msg/detail/errors__builder.hpp
-- Installing: /home/bibek/Summer_Research/multipanda_ros2/install/franka_msgs/include/franka_msgs/franka_msgs/msg/detail/franka_model__type_support.hpp
-- Installing: /home/bibek/Summer_Research/multipanda_ros2/install/franka_msgs/include/franka_msgs/franka_msgs/msg/franka_state.hpp
-- Up-to-date: /home/bibek/Summer_Research/multipanda_ros2/install/franka_msgs/include/franka_msgs/franka_msgs/srv
-- Installing: /home/bibek/Summer_Research/multipanda_ros2/install/franka_msgs/include/franka_msgs/franka_msgs/srv/error_recovery.hpp
-- Installing: /home/bibek/Summer_Research/multipanda_ros2/install/franka_msgs/include/franka_msgs/franka_msgs/srv/set_force_torque_collision_behavior.hpp
-- Installing: /home/bibek/Summer_Research/multipanda_ros2/install/franka_msgs/include/franka_msgs/franka_msgs/srv/set_cartesian_stiffness.hpp
-- Installing: /home/bibek/Summer_Research/multipanda_ros2/install/franka_msgs/include/franka_msgs/franka_msgs/srv/set_joint_stiffness.hpp
-- Installing: /home/bibek/Summer_Research/multipanda_ros2/install/franka_msgs/include/franka_msgs/franka_msgs/srv/set_tcp_frame.hpp
-- Installing: /home/bibek/Summer_Research/multipanda_ros2/install/franka_msgs/include/franka_msgs/franka_msgs/srv/set_mujoco_poses.hpp
-- Installing: /home/bibek/Summer_Research/multipanda_ros2/install/franka_msgs/include/franka_msgs/franka_msgs/srv/set_full_collision_behavior.hpp
-- Installing: /home/bibek/Summer_Research/multipanda_ros2/install/franka_msgs/include/franka_msgs/franka_msgs/srv/set_stiffness_frame.hpp
-- Up-to-date: /home/bibek/Summer_Research/multipanda_ros2/install/franka_msgs/include/franka_msgs/franka_msgs/srv/detail
-- Installing: /home/bibek/Summer_Research/multipanda_ros2/install/franka_msgs/include/franka_msgs/franka_msgs/srv/detail/set_joint_stiffness__traits.hpp
-- Installing: /home/bibek/Summer_Research/multipanda_ros2/install/franka_msgs/include/franka_msgs/franka_msgs/srv/detail/error_recovery__struct.hpp
-- Installing: /home/bibek/Summer_Research/multipanda_ros2/install/franka_msgs/include/franka_msgs/franka_msgs/srv/detail/set_stiffness_frame__traits.hpp
-- Installing: /home/bibek/Summer_Research/multipanda_ros2/install/franka_msgs/include/franka_msgs/franka_msgs/srv/detail/set_full_collision_behavior__struct.hpp
-- Installing: /home/bibek/Summer_Research/multipanda_ros2/install/franka_msgs/include/franka_msgs/franka_msgs/srv/detail/set_load__struct.hpp
-- Installing: /home/bibek/Summer_Research/multipanda_ros2/install/franka_msgs/include/franka_msgs/franka_msgs/srv/detail/set_stiffness_frame__struct.hpp
-- Installing: /home/bibek/Summer_Research/multipanda_ros2/install/franka_msgs/include/franka_msgs/franka_msgs/srv/detail/set_load__traits.hpp
-- Installing: /home/bibek/Summer_Research/multipanda_ros2/install/franka_msgs/include/franka_msgs/franka_msgs/srv/detail/set_force_torque_collision_behavior__builder.hpp
-- Installing: /home/bibek/Summer_Research/multipanda_ros2/install/franka_msgs/include/franka_msgs/franka_msgs/srv/detail/set_full_collision_behavior__builder.hpp
-- Installing: /home/bibek/Summer_Research/multipanda_ros2/install/franka_msgs/include/franka_msgs/franka_msgs/srv/detail/set_tcp_frame__type_support.hpp
-- Installing: /home/bibek/Summer_Research/multipanda_ros2/install/franka_msgs/include/franka_msgs/franka_msgs/srv/detail/set_cartesian_stiffness__traits.hpp
-- Installing: /home/bibek/Summer_Research/multipanda_ros2/install/franka_msgs/include/franka_msgs/franka_msgs/srv/detail/set_cartesian_stiffness__struct.hpp
-- Installing: /home/bibek/Summer_Research/multipanda_ros2/install/franka_msgs/include/franka_msgs/franka_msgs/srv/detail/set_mujoco_poses__struct.hpp
-- Installing: /home/bibek/Summer_Research/multipanda_ros2/install/franka_msgs/include/franka_msgs/franka_msgs/srv/detail/set_force_torque_collision_behavior__struct.hpp
-- Installing: /home/bibek/Summer_Research/multipanda_ros2/install/franka_msgs/include/franka_msgs/franka_msgs/srv/detail/set_cartesian_stiffness__type_support.hpp
-- Installing: /home/bibek/Summer_Research/multipanda_ros2/install/franka_msgs/include/franka_msgs/franka_msgs/srv/detail/set_joint_stiffness__type_support.hpp
-- Installing: /home/bibek/Summer_Research/multipanda_ros2/install/franka_msgs/include/franka_msgs/franka_msgs/srv/detail/set_joint_stiffness__struct.hpp
-- Installing: /home/bibek/Summer_Research/multipanda_ros2/install/franka_msgs/include/franka_msgs/franka_msgs/srv/detail/set_load__builder.hpp
-- Installing: /home/bibek/Summer_Research/multipanda_ros2/install/franka_msgs/include/franka_msgs/franka_msgs/srv/detail/set_mujoco_poses__traits.hpp
-- Installing: /home/bibek/Summer_Research/multipanda_ros2/install/franka_msgs/include/franka_msgs/franka_msgs/srv/detail/set_stiffness_frame__type_support.hpp
-- Installing: /home/bibek/Summer_Research/multipanda_ros2/install/franka_msgs/include/franka_msgs/franka_msgs/srv/detail/set_stiffness_frame__builder.hpp
-- Installing: /home/bibek/Summer_Research/multipanda_ros2/install/franka_msgs/include/franka_msgs/franka_msgs/srv/detail/set_force_torque_collision_behavior__type_support.hpp
-- Installing: /home/bibek/Summer_Research/multipanda_ros2/install/franka_msgs/include/franka_msgs/franka_msgs/srv/detail/set_cartesian_stiffness__builder.hpp
-- Installing: /home/bibek/Summer_Research/multipanda_ros2/install/franka_msgs/include/franka_msgs/franka_msgs/srv/detail/set_full_collision_behavior__traits.hpp
-- Installing: /home/bibek/Summer_Research/multipanda_ros2/install/franka_msgs/include/franka_msgs/franka_msgs/srv/detail/error_recovery__builder.hpp
-- Installing: /home/bibek/Summer_Research/multipanda_ros2/install/franka_msgs/include/franka_msgs/franka_msgs/srv/detail/set_mujoco_poses__type_support.hpp
-- Installing: /home/bibek/Summer_Research/multipanda_ros2/install/franka_msgs/include/franka_msgs/franka_msgs/srv/detail/set_load__type_support.hpp
-- Installing: /home/bibek/Summer_Research/multipanda_ros2/install/franka_msgs/include/franka_msgs/franka_msgs/srv/detail/set_tcp_frame__builder.hpp
-- Installing: /home/bibek/Summer_Research/multipanda_ros2/install/franka_msgs/include/franka_msgs/franka_msgs/srv/detail/set_force_torque_collision_behavior__traits.hpp
-- Installing: /home/bibek/Summer_Research/multipanda_ros2/install/franka_msgs/include/franka_msgs/franka_msgs/srv/detail/error_recovery__traits.hpp
-- Installing: /home/bibek/Summer_Research/multipanda_ros2/install/franka_msgs/include/franka_msgs/franka_msgs/srv/detail/error_recovery__type_support.hpp
-- Installing: /home/bibek/Summer_Research/multipanda_ros2/install/franka_msgs/include/franka_msgs/franka_msgs/srv/detail/set_tcp_frame__struct.hpp
-- Installing: /home/bibek/Summer_Research/multipanda_ros2/install/franka_msgs/include/franka_msgs/franka_msgs/srv/detail/set_joint_stiffness__builder.hpp
-- Installing: /home/bibek/Summer_Research/multipanda_ros2/install/franka_msgs/include/franka_msgs/franka_msgs/srv/detail/set_full_collision_behavior__type_support.hpp
-- Installing: /home/bibek/Summer_Research/multipanda_ros2/install/franka_msgs/include/franka_msgs/franka_msgs/srv/detail/set_tcp_frame__traits.hpp
-- Installing: /home/bibek/Summer_Research/multipanda_ros2/install/franka_msgs/include/franka_msgs/franka_msgs/srv/detail/set_mujoco_poses__builder.hpp
-- Installing: /home/bibek/Summer_Research/multipanda_ros2/install/franka_msgs/include/franka_msgs/franka_msgs/srv/set_load.hpp
-- Up-to-date: /home/bibek/Summer_Research/multipanda_ros2/install/franka_msgs/include/franka_msgs/franka_msgs
-- Up-to-date: /home/bibek/Summer_Research/multipanda_ros2/install/franka_msgs/include/franka_msgs/franka_msgs/action
-- Up-to-date: /home/bibek/Summer_Research/multipanda_ros2/install/franka_msgs/include/franka_msgs/franka_msgs/action/detail
-- Installing: /home/bibek/Summer_Research/multipanda_ros2/install/franka_msgs/include/franka_msgs/franka_msgs/action/detail/grasp__rosidl_typesupport_fastrtps_cpp.hpp
-- Installing: /home/bibek/Summer_Research/multipanda_ros2/install/franka_msgs/include/franka_msgs/franka_msgs/action/detail/dds_fastrtps
-- Installing: /home/bibek/Summer_Research/multipanda_ros2/install/franka_msgs/include/franka_msgs/franka_msgs/action/detail/move__rosidl_typesupport_fastrtps_cpp.hpp
-- Installing: /home/bibek/Summer_Research/multipanda_ros2/install/franka_msgs/include/franka_msgs/franka_msgs/action/detail/homing__rosidl_typesupport_fastrtps_cpp.hpp
-- Up-to-date: /home/bibek/Summer_Research/multipanda_ros2/install/franka_msgs/include/franka_msgs/franka_msgs/msg
-- Installing: /home/bibek/Summer_Research/multipanda_ros2/install/franka_msgs/include/franka_msgs/franka_msgs/msg/rosidl_typesupport_fastrtps_cpp__visibility_control.h
-- Up-to-date: /home/bibek/Summer_Research/multipanda_ros2/install/franka_msgs/include/franka_msgs/franka_msgs/msg/detail
-- Installing: /home/bibek/Summer_Research/multipanda_ros2/install/franka_msgs/include/franka_msgs/franka_msgs/msg/detail/dds_fastrtps
-- Installing: /home/bibek/Summer_Research/multipanda_ros2/install/franka_msgs/include/franka_msgs/franka_msgs/msg/detail/errors__rosidl_typesupport_fastrtps_cpp.hpp
-- Installing: /home/bibek/Summer_Research/multipanda_ros2/install/franka_msgs/include/franka_msgs/franka_msgs/msg/detail/pose_stamped_array__rosidl_typesupport_fastrtps_cpp.hpp
-- Installing: /home/bibek/Summer_Research/multipanda_ros2/install/franka_msgs/include/franka_msgs/franka_msgs/msg/detail/franka_model__rosidl_typesupport_fastrtps_cpp.hpp
-- Installing: /home/bibek/Summer_Research/multipanda_ros2/install/franka_msgs/include/franka_msgs/franka_msgs/msg/detail/grasp_epsilon__rosidl_typesupport_fastrtps_cpp.hpp
-- Installing: /home/bibek/Summer_Research/multipanda_ros2/install/franka_msgs/include/franka_msgs/franka_msgs/msg/detail/franka_state__rosidl_typesupport_fastrtps_cpp.hpp
-- Up-to-date: /home/bibek/Summer_Research/multipanda_ros2/install/franka_msgs/include/franka_msgs/franka_msgs/srv
-- Up-to-date: /home/bibek/Summer_Research/multipanda_ros2/install/franka_msgs/include/franka_msgs/franka_msgs/srv/detail
-- Installing: /home/bibek/Summer_Research/multipanda_ros2/install/franka_msgs/include/franka_msgs/franka_msgs/srv/detail/set_tcp_frame__rosidl_typesupport_fastrtps_cpp.hpp
-- Installing: /home/bibek/Summer_Research/multipanda_ros2/install/franka_msgs/include/franka_msgs/franka_msgs/srv/detail/set_force_torque_collision_behavior__rosidl_typesupport_fastrtps_cpp.hpp
-- Installing: /home/bibek/Summer_Research/multipanda_ros2/install/franka_msgs/include/franka_msgs/franka_msgs/srv/detail/dds_fastrtps
-- Installing: /home/bibek/Summer_Research/multipanda_ros2/install/franka_msgs/include/franka_msgs/franka_msgs/srv/detail/set_stiffness_frame__rosidl_typesupport_fastrtps_cpp.hpp
-- Installing: /home/bibek/Summer_Research/multipanda_ros2/install/franka_msgs/include/franka_msgs/franka_msgs/srv/detail/set_load__rosidl_typesupport_fastrtps_cpp.hpp
-- Installing: /home/bibek/Summer_Research/multipanda_ros2/install/franka_msgs/include/franka_msgs/franka_msgs/srv/detail/set_joint_stiffness__rosidl_typesupport_fastrtps_cpp.hpp
-- Installing: /home/bibek/Summer_Research/multipanda_ros2/install/franka_msgs/include/franka_msgs/franka_msgs/srv/detail/error_recovery__rosidl_typesupport_fastrtps_cpp.hpp
-- Installing: /home/bibek/Summer_Research/multipanda_ros2/install/franka_msgs/include/franka_msgs/franka_msgs/srv/detail/set_cartesian_stiffness__rosidl_typesupport_fastrtps_cpp.hpp
-- Installing: /home/bibek/Summer_Research/multipanda_ros2/install/franka_msgs/include/franka_msgs/franka_msgs/srv/detail/set_mujoco_poses__rosidl_typesupport_fastrtps_cpp.hpp
-- Installing: /home/bibek/Summer_Research/multipanda_ros2/install/franka_msgs/include/franka_msgs/franka_msgs/srv/detail/set_full_collision_behavior__rosidl_typesupport_fastrtps_cpp.hpp
-- Installing: /home/bibek/Summer_Research/multipanda_ros2/install/franka_msgs/lib/libfranka_msgs__rosidl_typesupport_fastrtps_cpp.so
-- Set runtime path of "/home/bibek/Summer_Research/multipanda_ros2/install/franka_msgs/lib/libfranka_msgs__rosidl_typesupport_fastrtps_cpp.so" to ""
-- Up-to-date: /home/bibek/Summer_Research/multipanda_ros2/install/franka_msgs/include/franka_msgs/franka_msgs
-- Up-to-date: /home/bibek/Summer_Research/multipanda_ros2/install/franka_msgs/include/franka_msgs/franka_msgs/action
-- Up-to-date: /home/bibek/Summer_Research/multipanda_ros2/install/franka_msgs/include/franka_msgs/franka_msgs/action/detail
-- Installing: /home/bibek/Summer_Research/multipanda_ros2/install/franka_msgs/include/franka_msgs/franka_msgs/action/detail/move__rosidl_typesupport_introspection_cpp.hpp
-- Installing: /home/bibek/Summer_Research/multipanda_ros2/install/franka_msgs/include/franka_msgs/franka_msgs/action/detail/grasp__type_support.cpp
-- Installing: /home/bibek/Summer_Research/multipanda_ros2/install/franka_msgs/include/franka_msgs/franka_msgs/action/detail/homing__rosidl_typesupport_introspection_cpp.hpp
-- Installing: /home/bibek/Summer_Research/multipanda_ros2/install/franka_msgs/include/franka_msgs/franka_msgs/action/detail/homing__type_support.cpp
-- Installing: /home/bibek/Summer_Research/multipanda_ros2/install/franka_msgs/include/franka_msgs/franka_msgs/action/detail/move__type_support.cpp
-- Installing: /home/bibek/Summer_Research/multipanda_ros2/install/franka_msgs/include/franka_msgs/franka_msgs/action/detail/grasp__rosidl_typesupport_introspection_cpp.hpp
-- Up-to-date: /home/bibek/Summer_Research/multipanda_ros2/install/franka_msgs/include/franka_msgs/franka_msgs/msg
-- Up-to-date: /home/bibek/Summer_Research/multipanda_ros2/install/franka_msgs/include/franka_msgs/franka_msgs/msg/detail
-- Installing: /home/bibek/Summer_Research/multipanda_ros2/install/franka_msgs/include/franka_msgs/franka_msgs/msg/detail/franka_model__type_support.cpp
-- Installing: /home/bibek/Summer_Research/multipanda_ros2/install/franka_msgs/include/franka_msgs/franka_msgs/msg/detail/errors__type_support.cpp
-- Installing: /home/bibek/Summer_Research/multipanda_ros2/install/franka_msgs/include/franka_msgs/franka_msgs/msg/detail/pose_stamped_array__type_support.cpp
-- Installing: /home/bibek/Summer_Research/multipanda_ros2/install/franka_msgs/include/franka_msgs/franka_msgs/msg/detail/franka_model__rosidl_typesupport_introspection_cpp.hpp
-- Installing: /home/bibek/Summer_Research/multipanda_ros2/install/franka_msgs/include/franka_msgs/franka_msgs/msg/detail/franka_state__type_support.cpp
-- Installing: /home/bibek/Summer_Research/multipanda_ros2/install/franka_msgs/include/franka_msgs/franka_msgs/msg/detail/grasp_epsilon__type_support.cpp
-- Installing: /home/bibek/Summer_Research/multipanda_ros2/install/franka_msgs/include/franka_msgs/franka_msgs/msg/detail/pose_stamped_array__rosidl_typesupport_introspection_cpp.hpp
-- Installing: /home/bibek/Summer_Research/multipanda_ros2/install/franka_msgs/include/franka_msgs/franka_msgs/msg/detail/grasp_epsilon__rosidl_typesupport_introspection_cpp.hpp
-- Installing: /home/bibek/Summer_Research/multipanda_ros2/install/franka_msgs/include/franka_msgs/franka_msgs/msg/detail/franka_state__rosidl_typesupport_introspection_cpp.hpp
-- Installing: /home/bibek/Summer_Research/multipanda_ros2/install/franka_msgs/include/franka_msgs/franka_msgs/msg/detail/errors__rosidl_typesupport_introspection_cpp.hpp
-- Up-to-date: /home/bibek/Summer_Research/multipanda_ros2/install/franka_msgs/include/franka_msgs/franka_msgs/srv
-- Up-to-date: /home/bibek/Summer_Research/multipanda_ros2/install/franka_msgs/include/franka_msgs/franka_msgs/srv/detail
-- Installing: /home/bibek/Summer_Research/multipanda_ros2/install/franka_msgs/include/franka_msgs/franka_msgs/srv/detail/set_full_collision_behavior__rosidl_typesupport_introspection_cpp.hpp
-- Installing: /home/bibek/Summer_Research/multipanda_ros2/install/franka_msgs/include/franka_msgs/franka_msgs/srv/detail/set_tcp_frame__rosidl_typesupport_introspection_cpp.hpp
-- Installing: /home/bibek/Summer_Research/multipanda_ros2/install/franka_msgs/include/franka_msgs/franka_msgs/srv/detail/set_full_collision_behavior__type_support.cpp
-- Installing: /home/bibek/Summer_Research/multipanda_ros2/install/franka_msgs/include/franka_msgs/franka_msgs/srv/detail/set_mujoco_poses__type_support.cpp
-- Installing: /home/bibek/Summer_Research/multipanda_ros2/install/franka_msgs/include/franka_msgs/franka_msgs/srv/detail/set_load__type_support.cpp
-- Installing: /home/bibek/Summer_Research/multipanda_ros2/install/franka_msgs/include/franka_msgs/franka_msgs/srv/detail/set_force_torque_collision_behavior__rosidl_typesupport_introspection_cpp.hpp
-- Installing: /home/bibek/Summer_Research/multipanda_ros2/install/franka_msgs/include/franka_msgs/franka_msgs/srv/detail/set_tcp_frame__type_support.cpp
-- Installing: /home/bibek/Summer_Research/multipanda_ros2/install/franka_msgs/include/franka_msgs/franka_msgs/srv/detail/set_force_torque_collision_behavior__type_support.cpp
-- Installing: /home/bibek/Summer_Research/multipanda_ros2/install/franka_msgs/include/franka_msgs/franka_msgs/srv/detail/error_recovery__rosidl_typesupport_introspection_cpp.hpp
-- Installing: /home/bibek/Summer_Research/multipanda_ros2/install/franka_msgs/include/franka_msgs/franka_msgs/srv/detail/set_cartesian_stiffness__rosidl_typesupport_introspection_cpp.hpp
-- Installing: /home/bibek/Summer_Research/multipanda_ros2/install/franka_msgs/include/franka_msgs/franka_msgs/srv/detail/set_joint_stiffness__type_support.cpp
-- Installing: /home/bibek/Summer_Research/multipanda_ros2/install/franka_msgs/include/franka_msgs/franka_msgs/srv/detail/error_recovery__type_support.cpp
-- Installing: /home/bibek/Summer_Research/multipanda_ros2/install/franka_msgs/include/franka_msgs/franka_msgs/srv/detail/set_mujoco_poses__rosidl_typesupport_introspection_cpp.hpp
-- Installing: /home/bibek/Summer_Research/multipanda_ros2/install/franka_msgs/include/franka_msgs/franka_msgs/srv/detail/set_stiffness_frame__type_support.cpp
-- Installing: /home/bibek/Summer_Research/multipanda_ros2/install/franka_msgs/include/franka_msgs/franka_msgs/srv/detail/set_stiffness_frame__rosidl_typesupport_introspection_cpp.hpp
-- Installing: /home/bibek/Summer_Research/multipanda_ros2/install/franka_msgs/include/franka_msgs/franka_msgs/srv/detail/set_cartesian_stiffness__type_support.cpp
-- Installing: /home/bibek/Summer_Research/multipanda_ros2/install/franka_msgs/include/franka_msgs/franka_msgs/srv/detail/set_joint_stiffness__rosidl_typesupport_introspection_cpp.hpp
-- Installing: /home/bibek/Summer_Research/multipanda_ros2/install/franka_msgs/include/franka_msgs/franka_msgs/srv/detail/set_load__rosidl_typesupport_introspection_cpp.hpp
-- Installing: /home/bibek/Summer_Research/multipanda_ros2/install/franka_msgs/lib/libfranka_msgs__rosidl_typesupport_introspection_cpp.so
-- Set runtime path of "/home/bibek/Summer_Research/multipanda_ros2/install/franka_msgs/lib/libfranka_msgs__rosidl_typesupport_introspection_cpp.so" to ""
-- Installing: /home/bibek/Summer_Research/multipanda_ros2/install/franka_msgs/lib/libfranka_msgs__rosidl_typesupport_cpp.so
-- Set runtime path of "/home/bibek/Summer_Research/multipanda_ros2/install/franka_msgs/lib/libfranka_msgs__rosidl_typesupport_cpp.so" to ""
-- Installing: /home/bibek/Summer_Research/multipanda_ros2/install/franka_msgs/share/franka_msgs/environment/pythonpath.sh
-- Installing: /home/bibek/Summer_Research/multipanda_ros2/install/franka_msgs/share/franka_msgs/environment/pythonpath.dsv
-- Installing: /home/bibek/Summer_Research/multipanda_ros2/install/franka_msgs/local/lib/python3.10/dist-packages/franka_msgs-0.0.0-py3.10.egg-info
-- Installing: /home/bibek/Summer_Research/multipanda_ros2/install/franka_msgs/local/lib/python3.10/dist-packages/franka_msgs-0.0.0-py3.10.egg-info/SOURCES.txt
-- Installing: /home/bibek/Summer_Research/multipanda_ros2/install/franka_msgs/local/lib/python3.10/dist-packages/franka_msgs-0.0.0-py3.10.egg-info/PKG-INFO
-- Installing: /home/bibek/Summer_Research/multipanda_ros2/install/franka_msgs/local/lib/python3.10/dist-packages/franka_msgs-0.0.0-py3.10.egg-info/top_level.txt
-- Installing: /home/bibek/Summer_Research/multipanda_ros2/install/franka_msgs/local/lib/python3.10/dist-packages/franka_msgs-0.0.0-py3.10.egg-info/dependency_links.txt
-- Installing: /home/bibek/Summer_Research/multipanda_ros2/install/franka_msgs/local/lib/python3.10/dist-packages/franka_msgs
-- Installing: /home/bibek/Summer_Research/multipanda_ros2/install/franka_msgs/local/lib/python3.10/dist-packages/franka_msgs/libfranka_msgs__rosidl_generator_py.so
-- Installing: /home/bibek/Summer_Research/multipanda_ros2/install/franka_msgs/local/lib/python3.10/dist-packages/franka_msgs/__init__.py
-- Installing: /home/bibek/Summer_Research/multipanda_ros2/install/franka_msgs/local/lib/python3.10/dist-packages/franka_msgs/franka_msgs_s__rosidl_typesupport_fastrtps_c.cpython-310-x86_64-linux-gnu.so
-- Installing: /home/bibek/Summer_Research/multipanda_ros2/install/franka_msgs/local/lib/python3.10/dist-packages/franka_msgs/action
-- Installing: /home/bibek/Summer_Research/multipanda_ros2/install/franka_msgs/local/lib/python3.10/dist-packages/franka_msgs/action/_homing.py
-- Installing: /home/bibek/Summer_Research/multipanda_ros2/install/franka_msgs/local/lib/python3.10/dist-packages/franka_msgs/action/__init__.py
-- Installing: /home/bibek/Summer_Research/multipanda_ros2/install/franka_msgs/local/lib/python3.10/dist-packages/franka_msgs/action/_move.py
-- Installing: /home/bibek/Summer_Research/multipanda_ros2/install/franka_msgs/local/lib/python3.10/dist-packages/franka_msgs/action/_homing_s.c
-- Installing: /home/bibek/Summer_Research/multipanda_ros2/install/franka_msgs/local/lib/python3.10/dist-packages/franka_msgs/action/_grasp_s.c
-- Installing: /home/bibek/Summer_Research/multipanda_ros2/install/franka_msgs/local/lib/python3.10/dist-packages/franka_msgs/action/_grasp.py
-- Installing: /home/bibek/Summer_Research/multipanda_ros2/install/franka_msgs/local/lib/python3.10/dist-packages/franka_msgs/action/_move_s.c
-- Installing: /home/bibek/Summer_Research/multipanda_ros2/install/franka_msgs/local/lib/python3.10/dist-packages/franka_msgs/msg
-- Installing: /home/bibek/Summer_Research/multipanda_ros2/install/franka_msgs/local/lib/python3.10/dist-packages/franka_msgs/msg/__init__.py
-- Installing: /home/bibek/Summer_Research/multipanda_ros2/install/franka_msgs/local/lib/python3.10/dist-packages/franka_msgs/msg/_grasp_epsilon.py
-- Installing: /home/bibek/Summer_Research/multipanda_ros2/install/franka_msgs/local/lib/python3.10/dist-packages/franka_msgs/msg/_franka_state.py
-- Installing: /home/bibek/Summer_Research/multipanda_ros2/install/franka_msgs/local/lib/python3.10/dist-packages/franka_msgs/msg/_franka_model_s.c
-- Installing: /home/bibek/Summer_Research/multipanda_ros2/install/franka_msgs/local/lib/python3.10/dist-packages/franka_msgs/msg/_pose_stamped_array_s.c
-- Installing: /home/bibek/Summer_Research/multipanda_ros2/install/franka_msgs/local/lib/python3.10/dist-packages/franka_msgs/msg/_errors.py
-- Installing: /home/bibek/Summer_Research/multipanda_ros2/install/franka_msgs/local/lib/python3.10/dist-packages/franka_msgs/msg/_errors_s.c
-- Installing: /home/bibek/Summer_Research/multipanda_ros2/install/franka_msgs/local/lib/python3.10/dist-packages/franka_msgs/msg/_grasp_epsilon_s.c
-- Installing: /home/bibek/Summer_Research/multipanda_ros2/install/franka_msgs/local/lib/python3.10/dist-packages/franka_msgs/msg/_franka_state_s.c
-- Installing: /home/bibek/Summer_Research/multipanda_ros2/install/franka_msgs/local/lib/python3.10/dist-packages/franka_msgs/msg/_franka_model.py
-- Installing: /home/bibek/Summer_Research/multipanda_ros2/install/franka_msgs/local/lib/python3.10/dist-packages/franka_msgs/msg/_pose_stamped_array.py
-- Installing: /home/bibek/Summer_Research/multipanda_ros2/install/franka_msgs/local/lib/python3.10/dist-packages/franka_msgs/srv
-- Installing: /home/bibek/Summer_Research/multipanda_ros2/install/franka_msgs/local/lib/python3.10/dist-packages/franka_msgs/srv/_set_force_torque_collision_behavior.py
-- Installing: /home/bibek/Summer_Research/multipanda_ros2/install/franka_msgs/local/lib/python3.10/dist-packages/franka_msgs/srv/_set_stiffness_frame_s.c
-- Installing: /home/bibek/Summer_Research/multipanda_ros2/install/franka_msgs/local/lib/python3.10/dist-packages/franka_msgs/srv/_set_cartesian_stiffness_s.c
-- Installing: /home/bibek/Summer_Research/multipanda_ros2/install/franka_msgs/local/lib/python3.10/dist-packages/franka_msgs/srv/__init__.py
-- Installing: /home/bibek/Summer_Research/multipanda_ros2/install/franka_msgs/local/lib/python3.10/dist-packages/franka_msgs/srv/_error_recovery_s.c
-- Installing: /home/bibek/Summer_Research/multipanda_ros2/install/franka_msgs/local/lib/python3.10/dist-packages/franka_msgs/srv/_set_full_collision_behavior_s.c
-- Installing: /home/bibek/Summer_Research/multipanda_ros2/install/franka_msgs/local/lib/python3.10/dist-packages/franka_msgs/srv/_set_tcp_frame_s.c
-- Installing: /home/bibek/Summer_Research/multipanda_ros2/install/franka_msgs/local/lib/python3.10/dist-packages/franka_msgs/srv/_set_tcp_frame.py
-- Installing: /home/bibek/Summer_Research/multipanda_ros2/install/franka_msgs/local/lib/python3.10/dist-packages/franka_msgs/srv/_set_mujoco_poses_s.c
-- Installing: /home/bibek/Summer_Research/multipanda_ros2/install/franka_msgs/local/lib/python3.10/dist-packages/franka_msgs/srv/_set_stiffness_frame.py
-- Installing: /home/bibek/Summer_Research/multipanda_ros2/install/franka_msgs/local/lib/python3.10/dist-packages/franka_msgs/srv/_set_cartesian_stiffness.py
-- Installing: /home/bibek/Summer_Research/multipanda_ros2/install/franka_msgs/local/lib/python3.10/dist-packages/franka_msgs/srv/_set_load.py
-- Installing: /home/bibek/Summer_Research/multipanda_ros2/install/franka_msgs/local/lib/python3.10/dist-packages/franka_msgs/srv/_set_joint_stiffness.py
-- Installing: /home/bibek/Summer_Research/multipanda_ros2/install/franka_msgs/local/lib/python3.10/dist-packages/franka_msgs/srv/_set_load_s.c
-- Installing: /home/bibek/Summer_Research/multipanda_ros2/install/franka_msgs/local/lib/python3.10/dist-packages/franka_msgs/srv/_set_full_collision_behavior.py
-- Installing: /home/bibek/Summer_Research/multipanda_ros2/install/franka_msgs/local/lib/python3.10/dist-packages/franka_msgs/srv/_set_force_torque_collision_behavior_s.c
-- Installing: /home/bibek/Summer_Research/multipanda_ros2/install/franka_msgs/local/lib/python3.10/dist-packages/franka_msgs/srv/_error_recovery.py
-- Installing: /home/bibek/Summer_Research/multipanda_ros2/install/franka_msgs/local/lib/python3.10/dist-packages/franka_msgs/srv/_set_mujoco_poses.py
-- Installing: /home/bibek/Summer_Research/multipanda_ros2/install/franka_msgs/local/lib/python3.10/dist-packages/franka_msgs/srv/_set_joint_stiffness_s.c
-- Installing: /home/bibek/Summer_Research/multipanda_ros2/install/franka_msgs/local/lib/python3.10/dist-packages/franka_msgs/franka_msgs_s__rosidl_typesupport_introspection_c.cpython-310-x86_64-linux-gnu.so
-- Installing: /home/bibek/Summer_Research/multipanda_ros2/install/franka_msgs/local/lib/python3.10/dist-packages/franka_msgs/_franka_msgs_s.ep.rosidl_typesupport_c.c
-- Installing: /home/bibek/Summer_Research/multipanda_ros2/install/franka_msgs/local/lib/python3.10/dist-packages/franka_msgs/_franka_msgs_s.ep.rosidl_typesupport_fastrtps_c.c
-- Installing: /home/bibek/Summer_Research/multipanda_ros2/install/franka_msgs/local/lib/python3.10/dist-packages/franka_msgs/franka_msgs_s__rosidl_typesupport_c.cpython-310-x86_64-linux-gnu.so
-- Installing: /home/bibek/Summer_Research/multipanda_ros2/install/franka_msgs/local/lib/python3.10/dist-packages/franka_msgs/_franka_msgs_s.ep.rosidl_typesupport_introspection_c.c
Listing '/home/bibek/Summer_Research/multipanda_ros2/install/franka_msgs/local/lib/python3.10/dist-packages/franka_msgs'...
Compiling '/home/bibek/Summer_Research/multipanda_ros2/install/franka_msgs/local/lib/python3.10/dist-packages/franka_msgs/__init__.py'...
Listing '/home/bibek/Summer_Research/multipanda_ros2/install/franka_msgs/local/lib/python3.10/dist-packages/franka_msgs/action'...
Compiling '/home/bibek/Summer_Research/multipanda_ros2/install/franka_msgs/local/lib/python3.10/dist-packages/franka_msgs/action/__init__.py'...
Compiling '/home/bibek/Summer_Research/multipanda_ros2/install/franka_msgs/local/lib/python3.10/dist-packages/franka_msgs/action/_grasp.py'...
Compiling '/home/bibek/Summer_Research/multipanda_ros2/install/franka_msgs/local/lib/python3.10/dist-packages/franka_msgs/action/_homing.py'...
Compiling '/home/bibek/Summer_Research/multipanda_ros2/install/franka_msgs/local/lib/python3.10/dist-packages/franka_msgs/action/_move.py'...
Listing '/home/bibek/Summer_Research/multipanda_ros2/install/franka_msgs/local/lib/python3.10/dist-packages/franka_msgs/msg'...
Compiling '/home/bibek/Summer_Research/multipanda_ros2/install/franka_msgs/local/lib/python3.10/dist-packages/franka_msgs/msg/__init__.py'...
Compiling '/home/bibek/Summer_Research/multipanda_ros2/install/franka_msgs/local/lib/python3.10/dist-packages/franka_msgs/msg/_errors.py'...
Compiling '/home/bibek/Summer_Research/multipanda_ros2/install/franka_msgs/local/lib/python3.10/dist-packages/franka_msgs/msg/_franka_model.py'...
Compiling '/home/bibek/Summer_Research/multipanda_ros2/install/franka_msgs/local/lib/python3.10/dist-packages/franka_msgs/msg/_franka_state.py'...
Compiling '/home/bibek/Summer_Research/multipanda_ros2/install/franka_msgs/local/lib/python3.10/dist-packages/franka_msgs/msg/_grasp_epsilon.py'...
Compiling '/home/bibek/Summer_Research/multipanda_ros2/install/franka_msgs/local/lib/python3.10/dist-packages/franka_msgs/msg/_pose_stamped_array.py'...
Listing '/home/bibek/Summer_Research/multipanda_ros2/install/franka_msgs/local/lib/python3.10/dist-packages/franka_msgs/srv'...
Compiling '/home/bibek/Summer_Research/multipanda_ros2/install/franka_msgs/local/lib/python3.10/dist-packages/franka_msgs/srv/__init__.py'...
Compiling '/home/bibek/Summer_Research/multipanda_ros2/install/franka_msgs/local/lib/python3.10/dist-packages/franka_msgs/srv/_error_recovery.py'...
Compiling '/home/bibek/Summer_Research/multipanda_ros2/install/franka_msgs/local/lib/python3.10/dist-packages/franka_msgs/srv/_set_cartesian_stiffness.py'...
Compiling '/home/bibek/Summer_Research/multipanda_ros2/install/franka_msgs/local/lib/python3.10/dist-packages/franka_msgs/srv/_set_force_torque_collision_behavior.py'...
Compiling '/home/bibek/Summer_Research/multipanda_ros2/install/franka_msgs/local/lib/python3.10/dist-packages/franka_msgs/srv/_set_full_collision_behavior.py'...
Compiling '/home/bibek/Summer_Research/multipanda_ros2/install/franka_msgs/local/lib/python3.10/dist-packages/franka_msgs/srv/_set_joint_stiffness.py'...
Compiling '/home/bibek/Summer_Research/multipanda_ros2/install/franka_msgs/local/lib/python3.10/dist-packages/franka_msgs/srv/_set_load.py'...
Compiling '/home/bibek/Summer_Research/multipanda_ros2/install/franka_msgs/local/lib/python3.10/dist-packages/franka_msgs/srv/_set_mujoco_poses.py'...
Compiling '/home/bibek/Summer_Research/multipanda_ros2/install/franka_msgs/local/lib/python3.10/dist-packages/franka_msgs/srv/_set_stiffness_frame.py'...
Compiling '/home/bibek/Summer_Research/multipanda_ros2/install/franka_msgs/local/lib/python3.10/dist-packages/franka_msgs/srv/_set_tcp_frame.py'...
-- Installing: /home/bibek/Summer_Research/multipanda_ros2/install/franka_msgs/local/lib/python3.10/dist-packages/franka_msgs/franka_msgs_s__rosidl_typesupport_fastrtps_c.cpython-310-x86_64-linux-gnu.so
-- Set runtime path of "/home/bibek/Summer_Research/multipanda_ros2/install/franka_msgs/local/lib/python3.10/dist-packages/franka_msgs/franka_msgs_s__rosidl_typesupport_fastrtps_c.cpython-310-x86_64-linux-gnu.so" to ""
-- Installing: /home/bibek/Summer_Research/multipanda_ros2/install/franka_msgs/local/lib/python3.10/dist-packages/franka_msgs/franka_msgs_s__rosidl_typesupport_introspection_c.cpython-310-x86_64-linux-gnu.so
-- Set runtime path of "/home/bibek/Summer_Research/multipanda_ros2/install/franka_msgs/local/lib/python3.10/dist-packages/franka_msgs/franka_msgs_s__rosidl_typesupport_introspection_c.cpython-310-x86_64-linux-gnu.so" to ""
-- Installing: /home/bibek/Summer_Research/multipanda_ros2/install/franka_msgs/local/lib/python3.10/dist-packages/franka_msgs/franka_msgs_s__rosidl_typesupport_c.cpython-310-x86_64-linux-gnu.so
-- Set runtime path of "/home/bibek/Summer_Research/multipanda_ros2/install/franka_msgs/local/lib/python3.10/dist-packages/franka_msgs/franka_msgs_s__rosidl_typesupport_c.cpython-310-x86_64-linux-gnu.so" to ""
-- Installing: /home/bibek/Summer_Research/multipanda_ros2/install/franka_msgs/lib/libfranka_msgs__rosidl_generator_py.so
-- Set runtime path of "/home/bibek/Summer_Research/multipanda_ros2/install/franka_msgs/lib/libfranka_msgs__rosidl_generator_py.so" to ""
-- Installing: /home/bibek/Summer_Research/multipanda_ros2/install/franka_msgs/share/franka_msgs/action/Grasp.idl
-- Installing: /home/bibek/Summer_Research/multipanda_ros2/install/franka_msgs/share/franka_msgs/action/Homing.idl
-- Installing: /home/bibek/Summer_Research/multipanda_ros2/install/franka_msgs/share/franka_msgs/action/Move.idl
-- Installing: /home/bibek/Summer_Research/multipanda_ros2/install/franka_msgs/share/franka_msgs/srv/ErrorRecovery.idl
-- Installing: /home/bibek/Summer_Research/multipanda_ros2/install/franka_msgs/share/franka_msgs/srv/SetCartesianStiffness.idl
-- Installing: /home/bibek/Summer_Research/multipanda_ros2/install/franka_msgs/share/franka_msgs/srv/SetTCPFrame.idl
-- Installing: /home/bibek/Summer_Research/multipanda_ros2/install/franka_msgs/share/franka_msgs/srv/SetForceTorqueCollisionBehavior.idl
-- Installing: /home/bibek/Summer_Research/multipanda_ros2/install/franka_msgs/share/franka_msgs/srv/SetFullCollisionBehavior.idl
-- Installing: /home/bibek/Summer_Research/multipanda_ros2/install/franka_msgs/share/franka_msgs/srv/SetJointStiffness.idl
-- Installing: /home/bibek/Summer_Research/multipanda_ros2/install/franka_msgs/share/franka_msgs/srv/SetStiffnessFrame.idl
-- Installing: /home/bibek/Summer_Research/multipanda_ros2/install/franka_msgs/share/franka_msgs/srv/SetLoad.idl
-- Installing: /home/bibek/Summer_Research/multipanda_ros2/install/franka_msgs/share/franka_msgs/srv/SetMujocoPoses.idl
-- Installing: /home/bibek/Summer_Research/multipanda_ros2/install/franka_msgs/share/franka_msgs/msg/GraspEpsilon.idl
-- Installing: /home/bibek/Summer_Research/multipanda_ros2/install/franka_msgs/share/franka_msgs/msg/FrankaState.idl
-- Installing: /home/bibek/Summer_Research/multipanda_ros2/install/franka_msgs/share/franka_msgs/msg/FrankaModel.idl
-- Installing: /home/bibek/Summer_Research/multipanda_ros2/install/franka_msgs/share/franka_msgs/msg/Errors.idl
-- Installing: /home/bibek/Summer_Research/multipanda_ros2/install/franka_msgs/share/franka_msgs/msg/PoseStampedArray.idl
-- Installing: /home/bibek/Summer_Research/multipanda_ros2/install/franka_msgs/share/franka_msgs/action/Grasp.action
-- Installing: /home/bibek/Summer_Research/multipanda_ros2/install/franka_msgs/share/franka_msgs/action/Homing.action
-- Installing: /home/bibek/Summer_Research/multipanda_ros2/install/franka_msgs/share/franka_msgs/action/Move.action
-- Installing: /home/bibek/Summer_Research/multipanda_ros2/install/franka_msgs/share/franka_msgs/srv/ErrorRecovery.srv
-- Installing: /home/bibek/Summer_Research/multipanda_ros2/install/franka_msgs/share/franka_msgs/srv/ErrorRecovery_Request.msg
-- Installing: /home/bibek/Summer_Research/multipanda_ros2/install/franka_msgs/share/franka_msgs/srv/ErrorRecovery_Response.msg
-- Installing: /home/bibek/Summer_Research/multipanda_ros2/install/franka_msgs/share/franka_msgs/srv/SetCartesianStiffness.srv
-- Installing: /home/bibek/Summer_Research/multipanda_ros2/install/franka_msgs/share/franka_msgs/srv/SetCartesianStiffness_Request.msg
-- Installing: /home/bibek/Summer_Research/multipanda_ros2/install/franka_msgs/share/franka_msgs/srv/SetCartesianStiffness_Response.msg
-- Installing: /home/bibek/Summer_Research/multipanda_ros2/install/franka_msgs/share/franka_msgs/srv/SetTCPFrame.srv
-- Installing: /home/bibek/Summer_Research/multipanda_ros2/install/franka_msgs/share/franka_msgs/srv/SetTCPFrame_Request.msg
-- Installing: /home/bibek/Summer_Research/multipanda_ros2/install/franka_msgs/share/franka_msgs/srv/SetTCPFrame_Response.msg
-- Installing: /home/bibek/Summer_Research/multipanda_ros2/install/franka_msgs/share/franka_msgs/srv/SetForceTorqueCollisionBehavior.srv
-- Installing: /home/bibek/Summer_Research/multipanda_ros2/install/franka_msgs/share/franka_msgs/srv/SetForceTorqueCollisionBehavior_Request.msg
-- Installing: /home/bibek/Summer_Research/multipanda_ros2/install/franka_msgs/share/franka_msgs/srv/SetForceTorqueCollisionBehavior_Response.msg
-- Installing: /home/bibek/Summer_Research/multipanda_ros2/install/franka_msgs/share/franka_msgs/srv/SetFullCollisionBehavior.srv
-- Installing: /home/bibek/Summer_Research/multipanda_ros2/install/franka_msgs/share/franka_msgs/srv/SetFullCollisionBehavior_Request.msg
-- Installing: /home/bibek/Summer_Research/multipanda_ros2/install/franka_msgs/share/franka_msgs/srv/SetFullCollisionBehavior_Response.msg
-- Installing: /home/bibek/Summer_Research/multipanda_ros2/install/franka_msgs/share/franka_msgs/srv/SetJointStiffness.srv
-- Installing: /home/bibek/Summer_Research/multipanda_ros2/install/franka_msgs/share/franka_msgs/srv/SetJointStiffness_Request.msg
-- Installing: /home/bibek/Summer_Research/multipanda_ros2/install/franka_msgs/share/franka_msgs/srv/SetJointStiffness_Response.msg
-- Installing: /home/bibek/Summer_Research/multipanda_ros2/install/franka_msgs/share/franka_msgs/srv/SetStiffnessFrame.srv
-- Installing: /home/bibek/Summer_Research/multipanda_ros2/install/franka_msgs/share/franka_msgs/srv/SetStiffnessFrame_Request.msg
-- Installing: /home/bibek/Summer_Research/multipanda_ros2/install/franka_msgs/share/franka_msgs/srv/SetStiffnessFrame_Response.msg
-- Installing: /home/bibek/Summer_Research/multipanda_ros2/install/franka_msgs/share/franka_msgs/srv/SetLoad.srv
-- Installing: /home/bibek/Summer_Research/multipanda_ros2/install/franka_msgs/share/franka_msgs/srv/SetLoad_Request.msg
-- Installing: /home/bibek/Summer_Research/multipanda_ros2/install/franka_msgs/share/franka_msgs/srv/SetLoad_Response.msg
-- Installing: /home/bibek/Summer_Research/multipanda_ros2/install/franka_msgs/share/franka_msgs/srv/SetMujocoPoses.srv
-- Installing: /home/bibek/Summer_Research/multipanda_ros2/install/franka_msgs/share/franka_msgs/srv/SetMujocoPoses_Request.msg
-- Installing: /home/bibek/Summer_Research/multipanda_ros2/install/franka_msgs/share/franka_msgs/srv/SetMujocoPoses_Response.msg
-- Installing: /home/bibek/Summer_Research/multipanda_ros2/install/franka_msgs/share/franka_msgs/msg/GraspEpsilon.msg
-- Installing: /home/bibek/Summer_Research/multipanda_ros2/install/franka_msgs/share/franka_msgs/msg/FrankaState.msg
-- Installing: /home/bibek/Summer_Research/multipanda_ros2/install/franka_msgs/share/franka_msgs/msg/FrankaModel.msg
-- Installing: /home/bibek/Summer_Research/multipanda_ros2/install/franka_msgs/share/franka_msgs/msg/Errors.msg
-- Installing: /home/bibek/Summer_Research/multipanda_ros2/install/franka_msgs/share/franka_msgs/msg/PoseStampedArray.msg
-- Installing: /home/bibek/Summer_Research/multipanda_ros2/install/franka_msgs/share/ament_index/resource_index/package_run_dependencies/franka_msgs
-- Installing: /home/bibek/Summer_Research/multipanda_ros2/install/franka_msgs/share/ament_index/resource_index/parent_prefix_path/franka_msgs
-- Installing: /home/bibek/Summer_Research/multipanda_ros2/install/franka_msgs/share/franka_msgs/environment/ament_prefix_path.sh
-- Installing: /home/bibek/Summer_Research/multipanda_ros2/install/franka_msgs/share/franka_msgs/environment/ament_prefix_path.dsv
-- Installing: /home/bibek/Summer_Research/multipanda_ros2/install/franka_msgs/share/franka_msgs/environment/path.sh
-- Installing: /home/bibek/Summer_Research/multipanda_ros2/install/franka_msgs/share/franka_msgs/environment/path.dsv
-- Installing: /home/bibek/Summer_Research/multipanda_ros2/install/franka_msgs/share/franka_msgs/local_setup.bash
-- Installing: /home/bibek/Summer_Research/multipanda_ros2/install/franka_msgs/share/franka_msgs/local_setup.sh
-- Installing: /home/bibek/Summer_Research/multipanda_ros2/install/franka_msgs/share/franka_msgs/local_setup.zsh
-- Installing: /home/bibek/Summer_Research/multipanda_ros2/install/franka_msgs/share/franka_msgs/local_setup.dsv
-- Installing: /home/bibek/Summer_Research/multipanda_ros2/install/franka_msgs/share/franka_msgs/package.dsv
-- Installing: /home/bibek/Summer_Research/multipanda_ros2/install/franka_msgs/share/ament_index/resource_index/packages/franka_msgs
-- Installing: /home/bibek/Summer_Research/multipanda_ros2/install/franka_msgs/share/franka_msgs/cmake/export_franka_msgs__rosidl_generator_cExport.cmake
-- Installing: /home/bibek/Summer_Research/multipanda_ros2/install/franka_msgs/share/franka_msgs/cmake/export_franka_msgs__rosidl_generator_cExport-release.cmake
-- Installing: /home/bibek/Summer_Research/multipanda_ros2/install/franka_msgs/share/franka_msgs/cmake/export_franka_msgs__rosidl_typesupport_fastrtps_cExport.cmake
-- Installing: /home/bibek/Summer_Research/multipanda_ros2/install/franka_msgs/share/franka_msgs/cmake/export_franka_msgs__rosidl_typesupport_fastrtps_cExport-release.cmake
-- Installing: /home/bibek/Summer_Research/multipanda_ros2/install/franka_msgs/share/franka_msgs/cmake/franka_msgs__rosidl_typesupport_introspection_cExport.cmake
-- Installing: /home/bibek/Summer_Research/multipanda_ros2/install/franka_msgs/share/franka_msgs/cmake/franka_msgs__rosidl_typesupport_introspection_cExport-release.cmake
-- Installing: /home/bibek/Summer_Research/multipanda_ros2/install/franka_msgs/share/franka_msgs/cmake/franka_msgs__rosidl_typesupport_cExport.cmake
-- Installing: /home/bibek/Summer_Research/multipanda_ros2/install/franka_msgs/share/franka_msgs/cmake/franka_msgs__rosidl_typesupport_cExport-release.cmake
-- Installing: /home/bibek/Summer_Research/multipanda_ros2/install/franka_msgs/share/franka_msgs/cmake/export_franka_msgs__rosidl_generator_cppExport.cmake
-- Installing: /home/bibek/Summer_Research/multipanda_ros2/install/franka_msgs/share/franka_msgs/cmake/export_franka_msgs__rosidl_typesupport_fastrtps_cppExport.cmake
-- Installing: /home/bibek/Summer_Research/multipanda_ros2/install/franka_msgs/share/franka_msgs/cmake/export_franka_msgs__rosidl_typesupport_fastrtps_cppExport-release.cmake
-- Installing: /home/bibek/Summer_Research/multipanda_ros2/install/franka_msgs/share/franka_msgs/cmake/franka_msgs__rosidl_typesupport_introspection_cppExport.cmake
-- Installing: /home/bibek/Summer_Research/multipanda_ros2/install/franka_msgs/share/franka_msgs/cmake/franka_msgs__rosidl_typesupport_introspection_cppExport-release.cmake
-- Installing: /home/bibek/Summer_Research/multipanda_ros2/install/franka_msgs/share/franka_msgs/cmake/franka_msgs__rosidl_typesupport_cppExport.cmake
-- Installing: /home/bibek/Summer_Research/multipanda_ros2/install/franka_msgs/share/franka_msgs/cmake/franka_msgs__rosidl_typesupport_cppExport-release.cmake
-- Installing: /home/bibek/Summer_Research/multipanda_ros2/install/franka_msgs/share/franka_msgs/cmake/export_franka_msgs__rosidl_generator_pyExport.cmake
-- Installing: /home/bibek/Summer_Research/multipanda_ros2/install/franka_msgs/share/franka_msgs/cmake/export_franka_msgs__rosidl_generator_pyExport-release.cmake
-- Installing: /home/bibek/Summer_Research/multipanda_ros2/install/franka_msgs/share/franka_msgs/cmake/rosidl_cmake-extras.cmake
-- Installing: /home/bibek/Summer_Research/multipanda_ros2/install/franka_msgs/share/franka_msgs/cmake/ament_cmake_export_dependencies-extras.cmake
-- Installing: /home/bibek/Summer_Research/multipanda_ros2/install/franka_msgs/share/franka_msgs/cmake/ament_cmake_export_include_directories-extras.cmake
-- Installing: /home/bibek/Summer_Research/multipanda_ros2/install/franka_msgs/share/franka_msgs/cmake/ament_cmake_export_libraries-extras.cmake
-- Installing: /home/bibek/Summer_Research/multipanda_ros2/install/franka_msgs/share/franka_msgs/cmake/ament_cmake_export_targets-extras.cmake
-- Installing: /home/bibek/Summer_Research/multipanda_ros2/install/franka_msgs/share/franka_msgs/cmake/rosidl_cmake_export_typesupport_targets-extras.cmake
-- Installing: /home/bibek/Summer_Research/multipanda_ros2/install/franka_msgs/share/franka_msgs/cmake/rosidl_cmake_export_typesupport_libraries-extras.cmake
-- Installing: /home/bibek/Summer_Research/multipanda_ros2/install/franka_msgs/share/franka_msgs/cmake/franka_msgsConfig.cmake
-- Installing: /home/bibek/Summer_Research/multipanda_ros2/install/franka_msgs/share/franka_msgs/cmake/franka_msgsConfig-version.cmake
-- Installing: /home/bibek/Summer_Research/multipanda_ros2/install/franka_msgs/share/franka_msgs/package.xml
