[0.024s] Invoking command in '/home/bibek/Summer_Research/multipanda_ros2/build/franka_msgs': CMAKE_PREFIX_PATH=/opt/ros/humble /usr/bin/cmake --build /home/bibek/Summer_Research/multipanda_ros2/build/franka_msgs -- -j16 -l16
[0.648s] [  0%] [34m[1mGenerating C++ code for ROS interfaces[0m
[0.648s] [  0%] Built target ament_cmake_python_copy_franka_msgs
[0.648s] [  0%] [34m[1mGenerating C code for ROS interfaces[0m
[0.806s] running egg_info
[0.807s] writing franka_msgs.egg-info/PKG-INFO
[0.810s] writing dependency_links to franka_msgs.egg-info/dependency_links.txt
[0.810s] writing top-level names to franka_msgs.egg-info/top_level.txt
[0.816s] reading manifest file 'franka_msgs.egg-info/SOURCES.txt'
[0.816s] writing manifest file 'franka_msgs.egg-info/SOURCES.txt'
[0.886s] [  0%] Built target ament_cmake_python_build_franka_msgs_egg
[3.089s] [  0%] Built target franka_msgs__cpp
[3.097s] [  1%] [34m[1mGenerating C++ type support dispatch for ROS interfaces[0m
[3.101s] [  2%] [34m[1mGenerating C++ type support for eProsima Fast-RTPS[0m
[3.101s] [  2%] [34m[1mGenerating C++ introspection for ROS interfaces[0m
[3.179s] [  3%] [32mBuilding C object CMakeFiles/franka_msgs__rosidl_generator_c.dir/rosidl_generator_c/franka_msgs/action/detail/homing__functions.c.o[0m
[3.180s] [  5%] [32mBuilding C object CMakeFiles/franka_msgs__rosidl_generator_c.dir/rosidl_generator_c/franka_msgs/srv/detail/error_recovery__functions.c.o[0m
[3.180s] [  5%] [32mBuilding C object CMakeFiles/franka_msgs__rosidl_generator_c.dir/rosidl_generator_c/franka_msgs/action/detail/grasp__functions.c.o[0m
[3.182s] [  5%] [32mBuilding C object CMakeFiles/franka_msgs__rosidl_generator_c.dir/rosidl_generator_c/franka_msgs/srv/detail/set_tcp_frame__functions.c.o[0m
[3.183s] [  6%] [32mBuilding C object CMakeFiles/franka_msgs__rosidl_generator_c.dir/rosidl_generator_c/franka_msgs/srv/detail/set_force_torque_collision_behavior__functions.c.o[0m
[3.183s] [  7%] [32mBuilding C object CMakeFiles/franka_msgs__rosidl_generator_c.dir/rosidl_generator_c/franka_msgs/srv/detail/set_joint_stiffness__functions.c.o[0m
[3.187s] [  8%] [32mBuilding C object CMakeFiles/franka_msgs__rosidl_generator_c.dir/rosidl_generator_c/franka_msgs/action/detail/move__functions.c.o[0m
[3.187s] [  8%] [32mBuilding C object CMakeFiles/franka_msgs__rosidl_generator_c.dir/rosidl_generator_c/franka_msgs/srv/detail/set_stiffness_frame__functions.c.o[0m
[3.188s] [  9%] [32mBuilding C object CMakeFiles/franka_msgs__rosidl_generator_c.dir/rosidl_generator_c/franka_msgs/srv/detail/set_cartesian_stiffness__functions.c.o[0m
[3.197s] [  9%] [32mBuilding C object CMakeFiles/franka_msgs__rosidl_generator_c.dir/rosidl_generator_c/franka_msgs/srv/detail/set_full_collision_behavior__functions.c.o[0m
[3.217s] [  9%] [32mBuilding C object CMakeFiles/franka_msgs__rosidl_generator_c.dir/rosidl_generator_c/franka_msgs/srv/detail/set_load__functions.c.o[0m
[3.234s] [ 10%] [32mBuilding C object CMakeFiles/franka_msgs__rosidl_generator_c.dir/rosidl_generator_c/franka_msgs/srv/detail/set_mujoco_poses__functions.c.o[0m
[3.234s] [ 11%] [32mBuilding C object CMakeFiles/franka_msgs__rosidl_generator_c.dir/rosidl_generator_c/franka_msgs/msg/detail/grasp_epsilon__functions.c.o[0m
[3.390s] [ 11%] [32mBuilding C object CMakeFiles/franka_msgs__rosidl_generator_c.dir/rosidl_generator_c/franka_msgs/msg/detail/franka_state__functions.c.o[0m
[3.394s] [ 12%] [32mBuilding C object CMakeFiles/franka_msgs__rosidl_generator_c.dir/rosidl_generator_c/franka_msgs/msg/detail/franka_model__functions.c.o[0m
[3.433s] [ 12%] [32mBuilding C object CMakeFiles/franka_msgs__rosidl_generator_c.dir/rosidl_generator_c/franka_msgs/msg/detail/errors__functions.c.o[0m
[3.446s] [ 13%] [32mBuilding C object CMakeFiles/franka_msgs__rosidl_generator_c.dir/rosidl_generator_c/franka_msgs/msg/detail/pose_stamped_array__functions.c.o[0m
[3.814s] [ 14%] [32m[1mLinking C shared library libfranka_msgs__rosidl_generator_c.so[0m
[3.861s] [ 14%] Built target franka_msgs__rosidl_generator_c
[3.873s] [ 15%] [34m[1mGenerating C type support for eProsima Fast-RTPS[0m
[3.873s] [ 16%] [34m[1mGenerating C introspection for ROS interfaces[0m
[3.874s] [ 17%] [34m[1mGenerating C type support dispatch for ROS interfaces[0m
[4.390s] [ 18%] [32mBuilding CXX object CMakeFiles/franka_msgs__rosidl_typesupport_cpp.dir/rosidl_typesupport_cpp/franka_msgs/action/move__type_support.cpp.o[0m
[4.390s] [ 19%] [32mBuilding CXX object CMakeFiles/franka_msgs__rosidl_typesupport_cpp.dir/rosidl_typesupport_cpp/franka_msgs/srv/set_tcp_frame__type_support.cpp.o[0m
[4.390s] [ 20%] [32mBuilding CXX object CMakeFiles/franka_msgs__rosidl_typesupport_cpp.dir/rosidl_typesupport_cpp/franka_msgs/action/homing__type_support.cpp.o[0m
[4.390s] [ 20%] [32mBuilding CXX object CMakeFiles/franka_msgs__rosidl_typesupport_cpp.dir/rosidl_typesupport_cpp/franka_msgs/srv/error_recovery__type_support.cpp.o[0m
[4.392s] [ 20%] [32mBuilding CXX object CMakeFiles/franka_msgs__rosidl_typesupport_cpp.dir/rosidl_typesupport_cpp/franka_msgs/srv/set_force_torque_collision_behavior__type_support.cpp.o[0m
[4.393s] [ 21%] [32mBuilding CXX object CMakeFiles/franka_msgs__rosidl_typesupport_cpp.dir/rosidl_typesupport_cpp/franka_msgs/srv/set_full_collision_behavior__type_support.cpp.o[0m
[4.394s] [ 21%] [32mBuilding CXX object CMakeFiles/franka_msgs__rosidl_typesupport_cpp.dir/rosidl_typesupport_cpp/franka_msgs/action/grasp__type_support.cpp.o[0m
[4.395s] [ 22%] [32mBuilding CXX object CMakeFiles/franka_msgs__rosidl_typesupport_cpp.dir/rosidl_typesupport_cpp/franka_msgs/srv/set_cartesian_stiffness__type_support.cpp.o[0m
[4.400s] [ 23%] [32mBuilding CXX object CMakeFiles/franka_msgs__rosidl_typesupport_cpp.dir/rosidl_typesupport_cpp/franka_msgs/srv/set_joint_stiffness__type_support.cpp.o[0m
[4.401s] [ 23%] [32mBuilding CXX object CMakeFiles/franka_msgs__rosidl_typesupport_cpp.dir/rosidl_typesupport_cpp/franka_msgs/srv/set_stiffness_frame__type_support.cpp.o[0m
[4.433s] [ 24%] [32mBuilding CXX object CMakeFiles/franka_msgs__rosidl_typesupport_cpp.dir/rosidl_typesupport_cpp/franka_msgs/srv/set_load__type_support.cpp.o[0m
[4.706s] [ 24%] [32mBuilding CXX object CMakeFiles/franka_msgs__rosidl_typesupport_cpp.dir/rosidl_typesupport_cpp/franka_msgs/srv/set_mujoco_poses__type_support.cpp.o[0m
[4.707s] [ 25%] [32mBuilding CXX object CMakeFiles/franka_msgs__rosidl_typesupport_cpp.dir/rosidl_typesupport_cpp/franka_msgs/msg/grasp_epsilon__type_support.cpp.o[0m
[4.808s] [ 26%] [32mBuilding CXX object CMakeFiles/franka_msgs__rosidl_typesupport_cpp.dir/rosidl_typesupport_cpp/franka_msgs/msg/franka_state__type_support.cpp.o[0m
[4.816s] [ 26%] [32mBuilding CXX object CMakeFiles/franka_msgs__rosidl_typesupport_cpp.dir/rosidl_typesupport_cpp/franka_msgs/msg/franka_model__type_support.cpp.o[0m
[4.903s] [ 27%] [32mBuilding CXX object CMakeFiles/franka_msgs__rosidl_typesupport_cpp.dir/rosidl_typesupport_cpp/franka_msgs/msg/errors__type_support.cpp.o[0m
[4.946s] [ 28%] [32mBuilding CXX object CMakeFiles/franka_msgs__rosidl_typesupport_cpp.dir/rosidl_typesupport_cpp/franka_msgs/msg/pose_stamped_array__type_support.cpp.o[0m
[5.129s] [ 29%] [32mBuilding CXX object CMakeFiles/franka_msgs__rosidl_typesupport_introspection_cpp.dir/rosidl_typesupport_introspection_cpp/franka_msgs/action/detail/grasp__type_support.cpp.o[0m
[5.142s] [ 29%] [32mBuilding CXX object CMakeFiles/franka_msgs__rosidl_typesupport_introspection_cpp.dir/rosidl_typesupport_introspection_cpp/franka_msgs/action/detail/homing__type_support.cpp.o[0m
[5.152s] [ 31%] [32mBuilding CXX object CMakeFiles/franka_msgs__rosidl_typesupport_introspection_cpp.dir/rosidl_typesupport_introspection_cpp/franka_msgs/srv/detail/error_recovery__type_support.cpp.o[0m
[5.152s] [ 31%] [32mBuilding CXX object CMakeFiles/franka_msgs__rosidl_typesupport_introspection_cpp.dir/rosidl_typesupport_introspection_cpp/franka_msgs/action/detail/move__type_support.cpp.o[0m
[5.161s] [ 31%] [32mBuilding CXX object CMakeFiles/franka_msgs__rosidl_typesupport_introspection_cpp.dir/rosidl_typesupport_introspection_cpp/franka_msgs/srv/detail/set_cartesian_stiffness__type_support.cpp.o[0m
[5.164s] [ 32%] [32mBuilding CXX object CMakeFiles/franka_msgs__rosidl_typesupport_introspection_cpp.dir/rosidl_typesupport_introspection_cpp/franka_msgs/srv/detail/set_tcp_frame__type_support.cpp.o[0m
[5.178s] [ 33%] [32mBuilding CXX object CMakeFiles/franka_msgs__rosidl_typesupport_introspection_cpp.dir/rosidl_typesupport_introspection_cpp/franka_msgs/srv/detail/set_force_torque_collision_behavior__type_support.cpp.o[0m
[5.187s] [ 33%] [32mBuilding CXX object CMakeFiles/franka_msgs__rosidl_typesupport_introspection_cpp.dir/rosidl_typesupport_introspection_cpp/franka_msgs/srv/detail/set_full_collision_behavior__type_support.cpp.o[0m
[5.230s] [ 34%] [32mBuilding CXX object CMakeFiles/franka_msgs__rosidl_typesupport_introspection_cpp.dir/rosidl_typesupport_introspection_cpp/franka_msgs/srv/detail/set_joint_stiffness__type_support.cpp.o[0m
[5.238s] [ 34%] [32mBuilding CXX object CMakeFiles/franka_msgs__rosidl_typesupport_introspection_cpp.dir/rosidl_typesupport_introspection_cpp/franka_msgs/srv/detail/set_stiffness_frame__type_support.cpp.o[0m
[5.260s] [ 35%] [32mBuilding CXX object CMakeFiles/franka_msgs__rosidl_typesupport_fastrtps_cpp.dir/rosidl_typesupport_fastrtps_cpp/franka_msgs/action/detail/dds_fastrtps/grasp__type_support.cpp.o[0m
[5.391s] [ 36%] [32mBuilding CXX object CMakeFiles/franka_msgs__rosidl_typesupport_introspection_cpp.dir/rosidl_typesupport_introspection_cpp/franka_msgs/srv/detail/set_load__type_support.cpp.o[0m
[5.415s] [ 36%] [32m[1mLinking CXX shared library libfranka_msgs__rosidl_typesupport_cpp.so[0m
[5.531s] [ 36%] Built target franka_msgs__rosidl_typesupport_cpp
[5.550s] [ 37%] [32mBuilding CXX object CMakeFiles/franka_msgs__rosidl_typesupport_introspection_cpp.dir/rosidl_typesupport_introspection_cpp/franka_msgs/srv/detail/set_mujoco_poses__type_support.cpp.o[0m
[5.676s] [ 37%] [32mBuilding CXX object CMakeFiles/franka_msgs__rosidl_typesupport_introspection_cpp.dir/rosidl_typesupport_introspection_cpp/franka_msgs/msg/detail/grasp_epsilon__type_support.cpp.o[0m
[5.726s] [ 38%] [32mBuilding CXX object CMakeFiles/franka_msgs__rosidl_typesupport_introspection_cpp.dir/rosidl_typesupport_introspection_cpp/franka_msgs/msg/detail/franka_state__type_support.cpp.o[0m
[5.749s] [ 39%] [32mBuilding CXX object CMakeFiles/franka_msgs__rosidl_typesupport_introspection_cpp.dir/rosidl_typesupport_introspection_cpp/franka_msgs/msg/detail/franka_model__type_support.cpp.o[0m
[5.814s] [ 39%] [32mBuilding CXX object CMakeFiles/franka_msgs__rosidl_typesupport_fastrtps_cpp.dir/rosidl_typesupport_fastrtps_cpp/franka_msgs/action/detail/dds_fastrtps/homing__type_support.cpp.o[0m
[5.972s] [ 39%] [32mBuilding CXX object CMakeFiles/franka_msgs__rosidl_typesupport_introspection_cpp.dir/rosidl_typesupport_introspection_cpp/franka_msgs/msg/detail/errors__type_support.cpp.o[0m
[5.981s] [ 40%] [32mBuilding CXX object CMakeFiles/franka_msgs__rosidl_typesupport_fastrtps_cpp.dir/rosidl_typesupport_fastrtps_cpp/franka_msgs/action/detail/dds_fastrtps/move__type_support.cpp.o[0m
[5.982s] [ 40%] [32mBuilding CXX object CMakeFiles/franka_msgs__rosidl_typesupport_c.dir/rosidl_typesupport_c/franka_msgs/action/grasp__type_support.cpp.o[0m
[6.039s] [ 41%] [32mBuilding CXX object CMakeFiles/franka_msgs__rosidl_typesupport_fastrtps_cpp.dir/rosidl_typesupport_fastrtps_cpp/franka_msgs/srv/detail/dds_fastrtps/error_recovery__type_support.cpp.o[0m
[6.046s] [ 42%] [32mBuilding CXX object CMakeFiles/franka_msgs__rosidl_typesupport_c.dir/rosidl_typesupport_c/franka_msgs/action/homing__type_support.cpp.o[0m
[6.120s] [ 43%] [32mBuilding CXX object CMakeFiles/franka_msgs__rosidl_typesupport_c.dir/rosidl_typesupport_c/franka_msgs/action/move__type_support.cpp.o[0m
[6.196s] [ 43%] [32mBuilding CXX object CMakeFiles/franka_msgs__rosidl_typesupport_fastrtps_cpp.dir/rosidl_typesupport_fastrtps_cpp/franka_msgs/srv/detail/dds_fastrtps/set_cartesian_stiffness__type_support.cpp.o[0m
[6.201s] [ 44%] [32mBuilding CXX object CMakeFiles/franka_msgs__rosidl_typesupport_introspection_cpp.dir/rosidl_typesupport_introspection_cpp/franka_msgs/msg/detail/pose_stamped_array__type_support.cpp.o[0m
[6.213s] [ 44%] [32mBuilding CXX object CMakeFiles/franka_msgs__rosidl_typesupport_c.dir/rosidl_typesupport_c/franka_msgs/srv/error_recovery__type_support.cpp.o[0m
[6.254s] [ 45%] [32mBuilding CXX object CMakeFiles/franka_msgs__rosidl_typesupport_fastrtps_cpp.dir/rosidl_typesupport_fastrtps_cpp/franka_msgs/srv/detail/dds_fastrtps/set_tcp_frame__type_support.cpp.o[0m
[6.288s] [ 45%] [32mBuilding CXX object CMakeFiles/franka_msgs__rosidl_typesupport_fastrtps_cpp.dir/rosidl_typesupport_fastrtps_cpp/franka_msgs/srv/detail/dds_fastrtps/set_force_torque_collision_behavior__type_support.cpp.o[0m
[6.310s] [ 46%] [32mBuilding CXX object CMakeFiles/franka_msgs__rosidl_typesupport_c.dir/rosidl_typesupport_c/franka_msgs/srv/set_cartesian_stiffness__type_support.cpp.o[0m
[6.313s] [ 46%] [32mBuilding CXX object CMakeFiles/franka_msgs__rosidl_typesupport_c.dir/rosidl_typesupport_c/franka_msgs/srv/set_tcp_frame__type_support.cpp.o[0m
[6.332s] [ 47%] [32mBuilding CXX object CMakeFiles/franka_msgs__rosidl_typesupport_fastrtps_cpp.dir/rosidl_typesupport_fastrtps_cpp/franka_msgs/srv/detail/dds_fastrtps/set_full_collision_behavior__type_support.cpp.o[0m
[6.408s] [ 48%] [32mBuilding CXX object CMakeFiles/franka_msgs__rosidl_typesupport_c.dir/rosidl_typesupport_c/franka_msgs/srv/set_force_torque_collision_behavior__type_support.cpp.o[0m
[6.418s] [ 49%] [32mBuilding CXX object CMakeFiles/franka_msgs__rosidl_typesupport_fastrtps_cpp.dir/rosidl_typesupport_fastrtps_cpp/franka_msgs/srv/detail/dds_fastrtps/set_joint_stiffness__type_support.cpp.o[0m
[6.453s] [ 49%] [32mBuilding CXX object CMakeFiles/franka_msgs__rosidl_typesupport_fastrtps_cpp.dir/rosidl_typesupport_fastrtps_cpp/franka_msgs/srv/detail/dds_fastrtps/set_stiffness_frame__type_support.cpp.o[0m
[6.479s] [ 50%] [32mBuilding CXX object CMakeFiles/franka_msgs__rosidl_typesupport_c.dir/rosidl_typesupport_c/franka_msgs/srv/set_full_collision_behavior__type_support.cpp.o[0m
[6.489s] [ 51%] [32mBuilding CXX object CMakeFiles/franka_msgs__rosidl_typesupport_fastrtps_cpp.dir/rosidl_typesupport_fastrtps_cpp/franka_msgs/srv/detail/dds_fastrtps/set_load__type_support.cpp.o[0m
[6.532s] [ 52%] [32mBuilding C object CMakeFiles/franka_msgs__rosidl_typesupport_introspection_c.dir/rosidl_typesupport_introspection_c/franka_msgs/action/detail/grasp__type_support.c.o[0m
[6.538s] [ 52%] [32mBuilding C object CMakeFiles/franka_msgs__rosidl_typesupport_introspection_c.dir/rosidl_typesupport_introspection_c/franka_msgs/action/detail/homing__type_support.c.o[0m
[6.546s] [ 52%] [32mBuilding CXX object CMakeFiles/franka_msgs__rosidl_typesupport_c.dir/rosidl_typesupport_c/franka_msgs/srv/set_joint_stiffness__type_support.cpp.o[0m
[6.628s] [ 53%] [32mBuilding CXX object CMakeFiles/franka_msgs__rosidl_typesupport_c.dir/rosidl_typesupport_c/franka_msgs/srv/set_stiffness_frame__type_support.cpp.o[0m
[6.631s] [ 54%] [32mBuilding C object CMakeFiles/franka_msgs__rosidl_typesupport_introspection_c.dir/rosidl_typesupport_introspection_c/franka_msgs/action/detail/move__type_support.c.o[0m
[6.660s] [ 55%] [32mBuilding CXX object CMakeFiles/franka_msgs__rosidl_typesupport_fastrtps_cpp.dir/rosidl_typesupport_fastrtps_cpp/franka_msgs/srv/detail/dds_fastrtps/set_mujoco_poses__type_support.cpp.o[0m
[6.706s] [ 56%] [32mBuilding CXX object CMakeFiles/franka_msgs__rosidl_typesupport_c.dir/rosidl_typesupport_c/franka_msgs/srv/set_load__type_support.cpp.o[0m
[6.721s] [ 56%] [32mBuilding CXX object CMakeFiles/franka_msgs__rosidl_typesupport_c.dir/rosidl_typesupport_c/franka_msgs/srv/set_mujoco_poses__type_support.cpp.o[0m
[6.723s] [ 57%] [32mBuilding CXX object CMakeFiles/franka_msgs__rosidl_typesupport_c.dir/rosidl_typesupport_c/franka_msgs/msg/grasp_epsilon__type_support.cpp.o[0m
[6.750s] [ 57%] [32mBuilding C object CMakeFiles/franka_msgs__rosidl_typesupport_introspection_c.dir/rosidl_typesupport_introspection_c/franka_msgs/srv/detail/error_recovery__type_support.c.o[0m
[6.795s] [ 57%] [32mBuilding CXX object CMakeFiles/franka_msgs__rosidl_typesupport_c.dir/rosidl_typesupport_c/franka_msgs/msg/franka_state__type_support.cpp.o[0m
[6.795s] [ 58%] [32mBuilding CXX object CMakeFiles/franka_msgs__rosidl_typesupport_c.dir/rosidl_typesupport_c/franka_msgs/msg/franka_model__type_support.cpp.o[0m
[6.839s] [ 58%] [32mBuilding CXX object CMakeFiles/franka_msgs__rosidl_typesupport_fastrtps_cpp.dir/rosidl_typesupport_fastrtps_cpp/franka_msgs/msg/detail/dds_fastrtps/grasp_epsilon__type_support.cpp.o[0m
[6.851s] [ 59%] [32mBuilding CXX object CMakeFiles/franka_msgs__rosidl_typesupport_c.dir/rosidl_typesupport_c/franka_msgs/msg/errors__type_support.cpp.o[0m
[6.854s] [ 59%] [32mBuilding CXX object CMakeFiles/franka_msgs__rosidl_typesupport_c.dir/rosidl_typesupport_c/franka_msgs/msg/pose_stamped_array__type_support.cpp.o[0m
[6.871s] [ 61%] [32mBuilding C object CMakeFiles/franka_msgs__rosidl_typesupport_introspection_c.dir/rosidl_typesupport_introspection_c/franka_msgs/srv/detail/set_cartesian_stiffness__type_support.c.o[0m
[6.872s] [ 61%] [32mBuilding CXX object CMakeFiles/franka_msgs__rosidl_typesupport_fastrtps_cpp.dir/rosidl_typesupport_fastrtps_cpp/franka_msgs/msg/detail/dds_fastrtps/franka_state__type_support.cpp.o[0m
[6.887s] [ 62%] [32mBuilding C object CMakeFiles/franka_msgs__rosidl_typesupport_introspection_c.dir/rosidl_typesupport_introspection_c/franka_msgs/srv/detail/set_tcp_frame__type_support.c.o[0m
[6.915s] [ 62%] [32mBuilding C object CMakeFiles/franka_msgs__rosidl_typesupport_introspection_c.dir/rosidl_typesupport_introspection_c/franka_msgs/srv/detail/set_force_torque_collision_behavior__type_support.c.o[0m
[6.928s] [ 63%] [32m[1mLinking CXX shared library libfranka_msgs__rosidl_typesupport_c.so[0m
[6.952s] [ 64%] [32mBuilding CXX object CMakeFiles/franka_msgs__rosidl_typesupport_fastrtps_cpp.dir/rosidl_typesupport_fastrtps_cpp/franka_msgs/msg/detail/dds_fastrtps/pose_stamped_array__type_support.cpp.o[0m
[6.954s] [ 64%] [32mBuilding CXX object CMakeFiles/franka_msgs__rosidl_typesupport_fastrtps_cpp.dir/rosidl_typesupport_fastrtps_cpp/franka_msgs/msg/detail/dds_fastrtps/franka_model__type_support.cpp.o[0m
[6.957s] [ 65%] [32mBuilding CXX object CMakeFiles/franka_msgs__rosidl_typesupport_fastrtps_cpp.dir/rosidl_typesupport_fastrtps_cpp/franka_msgs/msg/detail/dds_fastrtps/errors__type_support.cpp.o[0m
[6.983s] [ 66%] [32m[1mLinking CXX shared library libfranka_msgs__rosidl_typesupport_introspection_cpp.so[0m
[7.011s] [ 66%] Built target franka_msgs__rosidl_typesupport_c
[7.021s] [ 67%] [32mBuilding C object CMakeFiles/franka_msgs__rosidl_typesupport_introspection_c.dir/rosidl_typesupport_introspection_c/franka_msgs/srv/detail/set_full_collision_behavior__type_support.c.o[0m
[7.030s] [ 68%] [32mBuilding C object CMakeFiles/franka_msgs__rosidl_typesupport_introspection_c.dir/rosidl_typesupport_introspection_c/franka_msgs/srv/detail/set_joint_stiffness__type_support.c.o[0m
[7.035s] [ 68%] [32mBuilding C object CMakeFiles/franka_msgs__rosidl_typesupport_introspection_c.dir/rosidl_typesupport_introspection_c/franka_msgs/srv/detail/set_stiffness_frame__type_support.c.o[0m
[7.091s] [ 69%] [32mBuilding C object CMakeFiles/franka_msgs__rosidl_typesupport_introspection_c.dir/rosidl_typesupport_introspection_c/franka_msgs/srv/detail/set_load__type_support.c.o[0m
[7.112s] [ 70%] [32mBuilding C object CMakeFiles/franka_msgs__rosidl_typesupport_introspection_c.dir/rosidl_typesupport_introspection_c/franka_msgs/srv/detail/set_mujoco_poses__type_support.c.o[0m
[7.125s] [ 70%] [32mBuilding C object CMakeFiles/franka_msgs__rosidl_typesupport_introspection_c.dir/rosidl_typesupport_introspection_c/franka_msgs/msg/detail/grasp_epsilon__type_support.c.o[0m
[7.134s] [ 71%] [32mBuilding C object CMakeFiles/franka_msgs__rosidl_typesupport_introspection_c.dir/rosidl_typesupport_introspection_c/franka_msgs/msg/detail/franka_state__type_support.c.o[0m
[7.134s] [ 71%] [32mBuilding C object CMakeFiles/franka_msgs__rosidl_typesupport_introspection_c.dir/rosidl_typesupport_introspection_c/franka_msgs/msg/detail/franka_model__type_support.c.o[0m
[7.142s] [ 71%] Built target franka_msgs__rosidl_typesupport_introspection_cpp
[7.159s] [ 72%] [32mBuilding C object CMakeFiles/franka_msgs__rosidl_typesupport_introspection_c.dir/rosidl_typesupport_introspection_c/franka_msgs/msg/detail/errors__type_support.c.o[0m
[7.171s] [ 73%] [32mBuilding C object CMakeFiles/franka_msgs__rosidl_typesupport_introspection_c.dir/rosidl_typesupport_introspection_c/franka_msgs/msg/detail/pose_stamped_array__type_support.c.o[0m
[7.179s] [ 73%] [32mBuilding CXX object CMakeFiles/franka_msgs__rosidl_typesupport_fastrtps_c.dir/rosidl_typesupport_fastrtps_c/franka_msgs/action/detail/grasp__type_support_c.cpp.o[0m
[7.190s] [ 73%] [32mBuilding CXX object CMakeFiles/franka_msgs__rosidl_typesupport_fastrtps_c.dir/rosidl_typesupport_fastrtps_c/franka_msgs/srv/detail/error_recovery__type_support_c.cpp.o[0m
[7.190s] [ 74%] [32mBuilding CXX object CMakeFiles/franka_msgs__rosidl_typesupport_fastrtps_c.dir/rosidl_typesupport_fastrtps_c/franka_msgs/action/detail/homing__type_support_c.cpp.o[0m
[7.191s] [ 75%] [32mBuilding CXX object CMakeFiles/franka_msgs__rosidl_typesupport_fastrtps_c.dir/rosidl_typesupport_fastrtps_c/franka_msgs/action/detail/move__type_support_c.cpp.o[0m
[7.195s] [ 76%] [32mBuilding CXX object CMakeFiles/franka_msgs__rosidl_typesupport_fastrtps_c.dir/rosidl_typesupport_fastrtps_c/franka_msgs/srv/detail/set_cartesian_stiffness__type_support_c.cpp.o[0m
[7.240s] [ 77%] [32mBuilding CXX object CMakeFiles/franka_msgs__rosidl_typesupport_fastrtps_c.dir/rosidl_typesupport_fastrtps_c/franka_msgs/srv/detail/set_tcp_frame__type_support_c.cpp.o[0m
[7.246s] [ 77%] [32mBuilding CXX object CMakeFiles/franka_msgs__rosidl_typesupport_fastrtps_c.dir/rosidl_typesupport_fastrtps_c/franka_msgs/srv/detail/set_force_torque_collision_behavior__type_support_c.cpp.o[0m
[7.253s] [ 78%] [32mBuilding CXX object CMakeFiles/franka_msgs__rosidl_typesupport_fastrtps_c.dir/rosidl_typesupport_fastrtps_c/franka_msgs/srv/detail/set_full_collision_behavior__type_support_c.cpp.o[0m
[7.259s] [ 78%] [32mBuilding CXX object CMakeFiles/franka_msgs__rosidl_typesupport_fastrtps_c.dir/rosidl_typesupport_fastrtps_c/franka_msgs/srv/detail/set_joint_stiffness__type_support_c.cpp.o[0m
[7.386s] [ 79%] [32mBuilding CXX object CMakeFiles/franka_msgs__rosidl_typesupport_fastrtps_c.dir/rosidl_typesupport_fastrtps_c/franka_msgs/srv/detail/set_stiffness_frame__type_support_c.cpp.o[0m
[7.503s] [ 79%] [32m[1mLinking C shared library libfranka_msgs__rosidl_typesupport_introspection_c.so[0m
[7.585s] [ 79%] Built target franka_msgs__rosidl_typesupport_introspection_c
[7.606s] [ 80%] [32mBuilding CXX object CMakeFiles/franka_msgs__rosidl_typesupport_fastrtps_c.dir/rosidl_typesupport_fastrtps_c/franka_msgs/srv/detail/set_load__type_support_c.cpp.o[0m
[7.609s] [ 80%] [32mBuilding CXX object CMakeFiles/franka_msgs__rosidl_typesupport_fastrtps_c.dir/rosidl_typesupport_fastrtps_c/franka_msgs/srv/detail/set_mujoco_poses__type_support_c.cpp.o[0m
[7.612s] [ 81%] [32mBuilding CXX object CMakeFiles/franka_msgs__rosidl_typesupport_fastrtps_c.dir/rosidl_typesupport_fastrtps_c/franka_msgs/msg/detail/grasp_epsilon__type_support_c.cpp.o[0m
[7.639s] [ 82%] [32mBuilding CXX object CMakeFiles/franka_msgs__rosidl_typesupport_fastrtps_c.dir/rosidl_typesupport_fastrtps_c/franka_msgs/msg/detail/franka_state__type_support_c.cpp.o[0m
[7.662s] [ 82%] [32mBuilding CXX object CMakeFiles/franka_msgs__rosidl_typesupport_fastrtps_c.dir/rosidl_typesupport_fastrtps_c/franka_msgs/msg/detail/franka_model__type_support_c.cpp.o[0m
[7.750s] [ 82%] [32m[1mLinking CXX shared library libfranka_msgs__rosidl_typesupport_fastrtps_cpp.so[0m
[7.809s] [ 83%] [32mBuilding CXX object CMakeFiles/franka_msgs__rosidl_typesupport_fastrtps_c.dir/rosidl_typesupport_fastrtps_c/franka_msgs/msg/detail/errors__type_support_c.cpp.o[0m
[7.824s] [ 84%] [32mBuilding CXX object CMakeFiles/franka_msgs__rosidl_typesupport_fastrtps_c.dir/rosidl_typesupport_fastrtps_c/franka_msgs/msg/detail/pose_stamped_array__type_support_c.cpp.o[0m
[7.906s] [ 84%] Built target franka_msgs__rosidl_typesupport_fastrtps_cpp
[8.304s] [ 84%] [32m[1mLinking CXX shared library libfranka_msgs__rosidl_typesupport_fastrtps_c.so[0m
[8.394s] [ 84%] Built target franka_msgs__rosidl_typesupport_fastrtps_c
[8.421s] [ 84%] Built target franka_msgs
[8.444s] [ 85%] [34m[1mGenerating Python code for ROS interfaces[0m
[11.115s] [ 85%] Built target franka_msgs__py
[11.140s] [ 85%] [32mBuilding C object CMakeFiles/franka_msgs__rosidl_generator_py.dir/rosidl_generator_py/franka_msgs/action/_grasp_s.c.o[0m
[11.140s] [ 85%] [32mBuilding C object CMakeFiles/franka_msgs__rosidl_generator_py.dir/rosidl_generator_py/franka_msgs/srv/_error_recovery_s.c.o[0m
[11.141s] [ 85%] [32mBuilding C object CMakeFiles/franka_msgs__rosidl_generator_py.dir/rosidl_generator_py/franka_msgs/srv/_set_tcp_frame_s.c.o[0m
[11.142s] [ 86%] [32mBuilding C object CMakeFiles/franka_msgs__rosidl_generator_py.dir/rosidl_generator_py/franka_msgs/action/_move_s.c.o[0m
[11.142s] [ 88%] [32mBuilding C object CMakeFiles/franka_msgs__rosidl_generator_py.dir/rosidl_generator_py/franka_msgs/action/_homing_s.c.o[0m
[11.144s] [ 88%] [32mBuilding C object CMakeFiles/franka_msgs__rosidl_generator_py.dir/rosidl_generator_py/franka_msgs/srv/_set_load_s.c.o[0m
[11.144s] [ 89%] [32mBuilding C object CMakeFiles/franka_msgs__rosidl_generator_py.dir/rosidl_generator_py/franka_msgs/srv/_set_mujoco_poses_s.c.o[0m
[11.144s] [ 90%] [32mBuilding C object CMakeFiles/franka_msgs__rosidl_generator_py.dir/rosidl_generator_py/franka_msgs/srv/_set_joint_stiffness_s.c.o[0m
[11.145s] [ 90%] [32mBuilding C object CMakeFiles/franka_msgs__rosidl_generator_py.dir/rosidl_generator_py/franka_msgs/srv/_set_cartesian_stiffness_s.c.o[0m
[11.145s] [ 91%] [32mBuilding C object CMakeFiles/franka_msgs__rosidl_generator_py.dir/rosidl_generator_py/franka_msgs/srv/_set_force_torque_collision_behavior_s.c.o[0m
[11.145s] [ 91%] [32mBuilding C object CMakeFiles/franka_msgs__rosidl_generator_py.dir/rosidl_generator_py/franka_msgs/srv/_set_full_collision_behavior_s.c.o[0m
[11.149s] [ 92%] [32mBuilding C object CMakeFiles/franka_msgs__rosidl_generator_py.dir/rosidl_generator_py/franka_msgs/srv/_set_stiffness_frame_s.c.o[0m
[11.149s] [ 93%] [32mBuilding C object CMakeFiles/franka_msgs__rosidl_generator_py.dir/rosidl_generator_py/franka_msgs/msg/_grasp_epsilon_s.c.o[0m
[11.150s] [ 94%] [32mBuilding C object CMakeFiles/franka_msgs__rosidl_generator_py.dir/rosidl_generator_py/franka_msgs/msg/_franka_state_s.c.o[0m
[11.150s] [ 94%] [32mBuilding C object CMakeFiles/franka_msgs__rosidl_generator_py.dir/rosidl_generator_py/franka_msgs/msg/_franka_model_s.c.o[0m
[11.155s] [ 95%] [32mBuilding C object CMakeFiles/franka_msgs__rosidl_generator_py.dir/rosidl_generator_py/franka_msgs/msg/_errors_s.c.o[0m
[11.326s] [ 95%] [32mBuilding C object CMakeFiles/franka_msgs__rosidl_generator_py.dir/rosidl_generator_py/franka_msgs/msg/_pose_stamped_array_s.c.o[0m
[11.598s] [ 96%] [32m[1mLinking C shared library rosidl_generator_py/franka_msgs/libfranka_msgs__rosidl_generator_py.so[0m
[11.654s] [ 96%] Built target franka_msgs__rosidl_generator_py
[11.676s] [ 97%] [32mBuilding C object CMakeFiles/franka_msgs__rosidl_typesupport_introspection_c__pyext.dir/rosidl_generator_py/franka_msgs/_franka_msgs_s.ep.rosidl_typesupport_introspection_c.c.o[0m
[11.678s] [ 98%] [32mBuilding C object CMakeFiles/franka_msgs__rosidl_typesupport_fastrtps_c__pyext.dir/rosidl_generator_py/franka_msgs/_franka_msgs_s.ep.rosidl_typesupport_fastrtps_c.c.o[0m
[11.682s] [ 99%] [32mBuilding C object CMakeFiles/franka_msgs__rosidl_typesupport_c__pyext.dir/rosidl_generator_py/franka_msgs/_franka_msgs_s.ep.rosidl_typesupport_c.c.o[0m
[12.226s] [ 99%] [32m[1mLinking C shared library rosidl_generator_py/franka_msgs/franka_msgs_s__rosidl_typesupport_fastrtps_c.cpython-310-x86_64-linux-gnu.so[0m
[12.256s] [100%] [32m[1mLinking C shared library rosidl_generator_py/franka_msgs/franka_msgs_s__rosidl_typesupport_introspection_c.cpython-310-x86_64-linux-gnu.so[0m
[12.284s] [100%] Built target franka_msgs__rosidl_typesupport_fastrtps_c__pyext
[12.299s] [100%] Built target franka_msgs__rosidl_typesupport_introspection_c__pyext
[12.438s] [100%] [32m[1mLinking C shared library rosidl_generator_py/franka_msgs/franka_msgs_s__rosidl_typesupport_c.cpython-310-x86_64-linux-gnu.so[0m
[12.484s] [100%] Built target franka_msgs__rosidl_typesupport_c__pyext
[12.498s] Invoked command in '/home/bibek/Summer_Research/multipanda_ros2/build/franka_msgs' returned '0': CMAKE_PREFIX_PATH=/opt/ros/humble /usr/bin/cmake --build /home/bibek/Summer_Research/multipanda_ros2/build/franka_msgs -- -j16 -l16
[12.500s] Invoking command in '/home/bibek/Summer_Research/multipanda_ros2/build/franka_msgs': CMAKE_PREFIX_PATH=/opt/ros/humble /usr/bin/cmake --install /home/bibek/Summer_Research/multipanda_ros2/build/franka_msgs
[12.509s] -- Install configuration: "Release"
[12.509s] -- Installing: /home/bibek/Summer_Research/multipanda_ros2/install/franka_msgs/share/ament_index/resource_index/rosidl_interfaces/franka_msgs
[12.510s] -- Installing: /home/bibek/Summer_Research/multipanda_ros2/install/franka_msgs/include/franka_msgs/franka_msgs
[12.510s] -- Installing: /home/bibek/Summer_Research/multipanda_ros2/install/franka_msgs/include/franka_msgs/franka_msgs/action
[12.510s] -- Installing: /home/bibek/Summer_Research/multipanda_ros2/install/franka_msgs/include/franka_msgs/franka_msgs/action/move.h
[12.510s] -- Installing: /home/bibek/Summer_Research/multipanda_ros2/install/franka_msgs/include/franka_msgs/franka_msgs/action/homing.h
[12.510s] -- Installing: /home/bibek/Summer_Research/multipanda_ros2/install/franka_msgs/include/franka_msgs/franka_msgs/action/detail
[12.510s] -- Installing: /home/bibek/Summer_Research/multipanda_ros2/install/franka_msgs/include/franka_msgs/franka_msgs/action/detail/grasp__functions.h
[12.511s] -- Installing: /home/bibek/Summer_Research/multipanda_ros2/install/franka_msgs/include/franka_msgs/franka_msgs/action/detail/grasp__functions.c
[12.511s] -- Installing: /home/bibek/Summer_Research/multipanda_ros2/install/franka_msgs/include/franka_msgs/franka_msgs/action/detail/grasp__type_support.h
[12.511s] -- Installing: /home/bibek/Summer_Research/multipanda_ros2/install/franka_msgs/include/franka_msgs/franka_msgs/action/detail/homing__functions.h
[12.511s] -- Installing: /home/bibek/Summer_Research/multipanda_ros2/install/franka_msgs/include/franka_msgs/franka_msgs/action/detail/homing__struct.h
[12.511s] -- Installing: /home/bibek/Summer_Research/multipanda_ros2/install/franka_msgs/include/franka_msgs/franka_msgs/action/detail/move__struct.h
[12.511s] -- Installing: /home/bibek/Summer_Research/multipanda_ros2/install/franka_msgs/include/franka_msgs/franka_msgs/action/detail/grasp__struct.h
[12.512s] -- Installing: /home/bibek/Summer_Research/multipanda_ros2/install/franka_msgs/include/franka_msgs/franka_msgs/action/detail/homing__type_support.h
[12.512s] -- Installing: /home/bibek/Summer_Research/multipanda_ros2/install/franka_msgs/include/franka_msgs/franka_msgs/action/detail/homing__functions.c
[12.512s] -- Installing: /home/bibek/Summer_Research/multipanda_ros2/install/franka_msgs/include/franka_msgs/franka_msgs/action/detail/move__functions.c
[12.512s] -- Installing: /home/bibek/Summer_Research/multipanda_ros2/install/franka_msgs/include/franka_msgs/franka_msgs/action/detail/move__functions.h
[12.512s] -- Installing: /home/bibek/Summer_Research/multipanda_ros2/install/franka_msgs/include/franka_msgs/franka_msgs/action/detail/move__type_support.h
[12.512s] -- Installing: /home/bibek/Summer_Research/multipanda_ros2/install/franka_msgs/include/franka_msgs/franka_msgs/action/grasp.h
[12.512s] -- Installing: /home/bibek/Summer_Research/multipanda_ros2/install/franka_msgs/include/franka_msgs/franka_msgs/msg
[12.513s] -- Installing: /home/bibek/Summer_Research/multipanda_ros2/install/franka_msgs/include/franka_msgs/franka_msgs/msg/errors.h
[12.513s] -- Installing: /home/bibek/Summer_Research/multipanda_ros2/install/franka_msgs/include/franka_msgs/franka_msgs/msg/grasp_epsilon.h
[12.513s] -- Installing: /home/bibek/Summer_Research/multipanda_ros2/install/franka_msgs/include/franka_msgs/franka_msgs/msg/franka_state.h
[12.513s] -- Installing: /home/bibek/Summer_Research/multipanda_ros2/install/franka_msgs/include/franka_msgs/franka_msgs/msg/franka_model.h
[12.513s] -- Installing: /home/bibek/Summer_Research/multipanda_ros2/install/franka_msgs/include/franka_msgs/franka_msgs/msg/detail
[12.513s] -- Installing: /home/bibek/Summer_Research/multipanda_ros2/install/franka_msgs/include/franka_msgs/franka_msgs/msg/detail/franka_state__struct.h
[12.513s] -- Installing: /home/bibek/Summer_Research/multipanda_ros2/install/franka_msgs/include/franka_msgs/franka_msgs/msg/detail/errors__functions.h
[12.514s] -- Installing: /home/bibek/Summer_Research/multipanda_ros2/install/franka_msgs/include/franka_msgs/franka_msgs/msg/detail/franka_state__functions.c
[12.514s] -- Installing: /home/bibek/Summer_Research/multipanda_ros2/install/franka_msgs/include/franka_msgs/franka_msgs/msg/detail/grasp_epsilon__functions.h
[12.514s] -- Installing: /home/bibek/Summer_Research/multipanda_ros2/install/franka_msgs/include/franka_msgs/franka_msgs/msg/detail/pose_stamped_array__type_support.h
[12.514s] -- Installing: /home/bibek/Summer_Research/multipanda_ros2/install/franka_msgs/include/franka_msgs/franka_msgs/msg/detail/franka_state__type_support.h
[12.514s] -- Installing: /home/bibek/Summer_Research/multipanda_ros2/install/franka_msgs/include/franka_msgs/franka_msgs/msg/detail/grasp_epsilon__struct.h
[12.514s] -- Installing: /home/bibek/Summer_Research/multipanda_ros2/install/franka_msgs/include/franka_msgs/franka_msgs/msg/detail/errors__functions.c
[12.514s] -- Installing: /home/bibek/Summer_Research/multipanda_ros2/install/franka_msgs/include/franka_msgs/franka_msgs/msg/detail/grasp_epsilon__functions.c
[12.515s] -- Installing: /home/bibek/Summer_Research/multipanda_ros2/install/franka_msgs/include/franka_msgs/franka_msgs/msg/detail/franka_model__functions.c
[12.515s] -- Installing: /home/bibek/Summer_Research/multipanda_ros2/install/franka_msgs/include/franka_msgs/franka_msgs/msg/detail/grasp_epsilon__type_support.h
[12.515s] -- Installing: /home/bibek/Summer_Research/multipanda_ros2/install/franka_msgs/include/franka_msgs/franka_msgs/msg/detail/franka_model__type_support.h
[12.515s] -- Installing: /home/bibek/Summer_Research/multipanda_ros2/install/franka_msgs/include/franka_msgs/franka_msgs/msg/detail/franka_model__struct.h
[12.515s] -- Installing: /home/bibek/Summer_Research/multipanda_ros2/install/franka_msgs/include/franka_msgs/franka_msgs/msg/detail/errors__type_support.h
[12.515s] -- Installing: /home/bibek/Summer_Research/multipanda_ros2/install/franka_msgs/include/franka_msgs/franka_msgs/msg/detail/pose_stamped_array__functions.c
[12.515s] -- Installing: /home/bibek/Summer_Research/multipanda_ros2/install/franka_msgs/include/franka_msgs/franka_msgs/msg/detail/franka_state__functions.h
[12.516s] -- Installing: /home/bibek/Summer_Research/multipanda_ros2/install/franka_msgs/include/franka_msgs/franka_msgs/msg/detail/pose_stamped_array__struct.h
[12.516s] -- Installing: /home/bibek/Summer_Research/multipanda_ros2/install/franka_msgs/include/franka_msgs/franka_msgs/msg/detail/franka_model__functions.h
[12.516s] -- Installing: /home/bibek/Summer_Research/multipanda_ros2/install/franka_msgs/include/franka_msgs/franka_msgs/msg/detail/pose_stamped_array__functions.h
[12.516s] -- Installing: /home/bibek/Summer_Research/multipanda_ros2/install/franka_msgs/include/franka_msgs/franka_msgs/msg/detail/errors__struct.h
[12.516s] -- Installing: /home/bibek/Summer_Research/multipanda_ros2/install/franka_msgs/include/franka_msgs/franka_msgs/msg/pose_stamped_array.h
[12.516s] -- Installing: /home/bibek/Summer_Research/multipanda_ros2/install/franka_msgs/include/franka_msgs/franka_msgs/msg/rosidl_generator_c__visibility_control.h
[12.516s] -- Installing: /home/bibek/Summer_Research/multipanda_ros2/install/franka_msgs/include/franka_msgs/franka_msgs/srv
[12.516s] -- Installing: /home/bibek/Summer_Research/multipanda_ros2/install/franka_msgs/include/franka_msgs/franka_msgs/srv/set_full_collision_behavior.h
[12.517s] -- Installing: /home/bibek/Summer_Research/multipanda_ros2/install/franka_msgs/include/franka_msgs/franka_msgs/srv/set_joint_stiffness.h
[12.517s] -- Installing: /home/bibek/Summer_Research/multipanda_ros2/install/franka_msgs/include/franka_msgs/franka_msgs/srv/set_cartesian_stiffness.h
[12.517s] -- Installing: /home/bibek/Summer_Research/multipanda_ros2/install/franka_msgs/include/franka_msgs/franka_msgs/srv/set_stiffness_frame.h
[12.517s] -- Installing: /home/bibek/Summer_Research/multipanda_ros2/install/franka_msgs/include/franka_msgs/franka_msgs/srv/set_mujoco_poses.h
[12.517s] -- Installing: /home/bibek/Summer_Research/multipanda_ros2/install/franka_msgs/include/franka_msgs/franka_msgs/srv/set_tcp_frame.h
[12.517s] -- Installing: /home/bibek/Summer_Research/multipanda_ros2/install/franka_msgs/include/franka_msgs/franka_msgs/srv/set_load.h
[12.518s] -- Installing: /home/bibek/Summer_Research/multipanda_ros2/install/franka_msgs/include/franka_msgs/franka_msgs/srv/detail
[12.518s] -- Installing: /home/bibek/Summer_Research/multipanda_ros2/install/franka_msgs/include/franka_msgs/franka_msgs/srv/detail/set_joint_stiffness__functions.c
[12.518s] -- Installing: /home/bibek/Summer_Research/multipanda_ros2/install/franka_msgs/include/franka_msgs/franka_msgs/srv/detail/set_joint_stiffness__struct.h
[12.518s] -- Installing: /home/bibek/Summer_Research/multipanda_ros2/install/franka_msgs/include/franka_msgs/franka_msgs/srv/detail/set_cartesian_stiffness__type_support.h
[12.518s] -- Installing: /home/bibek/Summer_Research/multipanda_ros2/install/franka_msgs/include/franka_msgs/franka_msgs/srv/detail/error_recovery__type_support.h
[12.518s] -- Installing: /home/bibek/Summer_Research/multipanda_ros2/install/franka_msgs/include/franka_msgs/franka_msgs/srv/detail/set_tcp_frame__struct.h
[12.518s] -- Installing: /home/bibek/Summer_Research/multipanda_ros2/install/franka_msgs/include/franka_msgs/franka_msgs/srv/detail/set_cartesian_stiffness__functions.c
[12.518s] -- Installing: /home/bibek/Summer_Research/multipanda_ros2/install/franka_msgs/include/franka_msgs/franka_msgs/srv/detail/set_load__functions.h
[12.519s] -- Installing: /home/bibek/Summer_Research/multipanda_ros2/install/franka_msgs/include/franka_msgs/franka_msgs/srv/detail/set_stiffness_frame__functions.c
[12.519s] -- Installing: /home/bibek/Summer_Research/multipanda_ros2/install/franka_msgs/include/franka_msgs/franka_msgs/srv/detail/set_mujoco_poses__type_support.h
[12.519s] -- Installing: /home/bibek/Summer_Research/multipanda_ros2/install/franka_msgs/include/franka_msgs/franka_msgs/srv/detail/set_cartesian_stiffness__functions.h
[12.519s] -- Installing: /home/bibek/Summer_Research/multipanda_ros2/install/franka_msgs/include/franka_msgs/franka_msgs/srv/detail/set_cartesian_stiffness__struct.h
[12.519s] -- Installing: /home/bibek/Summer_Research/multipanda_ros2/install/franka_msgs/include/franka_msgs/franka_msgs/srv/detail/set_tcp_frame__functions.c
[12.519s] -- Installing: /home/bibek/Summer_Research/multipanda_ros2/install/franka_msgs/include/franka_msgs/franka_msgs/srv/detail/set_tcp_frame__type_support.h
[12.519s] -- Installing: /home/bibek/Summer_Research/multipanda_ros2/install/franka_msgs/include/franka_msgs/franka_msgs/srv/detail/error_recovery__struct.h
[12.520s] -- Installing: /home/bibek/Summer_Research/multipanda_ros2/install/franka_msgs/include/franka_msgs/franka_msgs/srv/detail/set_mujoco_poses__functions.h
[12.520s] -- Installing: /home/bibek/Summer_Research/multipanda_ros2/install/franka_msgs/include/franka_msgs/franka_msgs/srv/detail/error_recovery__functions.h
[12.520s] -- Installing: /home/bibek/Summer_Research/multipanda_ros2/install/franka_msgs/include/franka_msgs/franka_msgs/srv/detail/set_stiffness_frame__type_support.h
[12.520s] -- Installing: /home/bibek/Summer_Research/multipanda_ros2/install/franka_msgs/include/franka_msgs/franka_msgs/srv/detail/set_full_collision_behavior__functions.c
[12.520s] -- Installing: /home/bibek/Summer_Research/multipanda_ros2/install/franka_msgs/include/franka_msgs/franka_msgs/srv/detail/set_load__type_support.h
[12.520s] -- Installing: /home/bibek/Summer_Research/multipanda_ros2/install/franka_msgs/include/franka_msgs/franka_msgs/srv/detail/set_joint_stiffness__type_support.h
[12.520s] -- Installing: /home/bibek/Summer_Research/multipanda_ros2/install/franka_msgs/include/franka_msgs/franka_msgs/srv/detail/set_force_torque_collision_behavior__functions.h
[12.521s] -- Installing: /home/bibek/Summer_Research/multipanda_ros2/install/franka_msgs/include/franka_msgs/franka_msgs/srv/detail/set_full_collision_behavior__struct.h
[12.521s] -- Installing: /home/bibek/Summer_Research/multipanda_ros2/install/franka_msgs/include/franka_msgs/franka_msgs/srv/detail/set_load__functions.c
[12.521s] -- Installing: /home/bibek/Summer_Research/multipanda_ros2/install/franka_msgs/include/franka_msgs/franka_msgs/srv/detail/set_mujoco_poses__struct.h
[12.521s] -- Installing: /home/bibek/Summer_Research/multipanda_ros2/install/franka_msgs/include/franka_msgs/franka_msgs/srv/detail/set_stiffness_frame__functions.h
[12.521s] -- Installing: /home/bibek/Summer_Research/multipanda_ros2/install/franka_msgs/include/franka_msgs/franka_msgs/srv/detail/set_load__struct.h
[12.521s] -- Installing: /home/bibek/Summer_Research/multipanda_ros2/install/franka_msgs/include/franka_msgs/franka_msgs/srv/detail/set_joint_stiffness__functions.h
[12.521s] -- Installing: /home/bibek/Summer_Research/multipanda_ros2/install/franka_msgs/include/franka_msgs/franka_msgs/srv/detail/set_tcp_frame__functions.h
[12.522s] -- Installing: /home/bibek/Summer_Research/multipanda_ros2/install/franka_msgs/include/franka_msgs/franka_msgs/srv/detail/set_force_torque_collision_behavior__type_support.h
[12.522s] -- Installing: /home/bibek/Summer_Research/multipanda_ros2/install/franka_msgs/include/franka_msgs/franka_msgs/srv/detail/set_mujoco_poses__functions.c
[12.522s] -- Installing: /home/bibek/Summer_Research/multipanda_ros2/install/franka_msgs/include/franka_msgs/franka_msgs/srv/detail/set_force_torque_collision_behavior__functions.c
[12.522s] -- Installing: /home/bibek/Summer_Research/multipanda_ros2/install/franka_msgs/include/franka_msgs/franka_msgs/srv/detail/set_stiffness_frame__struct.h
[12.522s] -- Installing: /home/bibek/Summer_Research/multipanda_ros2/install/franka_msgs/include/franka_msgs/franka_msgs/srv/detail/error_recovery__functions.c
[12.522s] -- Installing: /home/bibek/Summer_Research/multipanda_ros2/install/franka_msgs/include/franka_msgs/franka_msgs/srv/detail/set_force_torque_collision_behavior__struct.h
[12.522s] -- Installing: /home/bibek/Summer_Research/multipanda_ros2/install/franka_msgs/include/franka_msgs/franka_msgs/srv/detail/set_full_collision_behavior__type_support.h
[12.523s] -- Installing: /home/bibek/Summer_Research/multipanda_ros2/install/franka_msgs/include/franka_msgs/franka_msgs/srv/detail/set_full_collision_behavior__functions.h
[12.523s] -- Installing: /home/bibek/Summer_Research/multipanda_ros2/install/franka_msgs/include/franka_msgs/franka_msgs/srv/set_force_torque_collision_behavior.h
[12.523s] -- Installing: /home/bibek/Summer_Research/multipanda_ros2/install/franka_msgs/include/franka_msgs/franka_msgs/srv/error_recovery.h
[12.523s] -- Installing: /home/bibek/Summer_Research/multipanda_ros2/install/franka_msgs/share/franka_msgs/environment/library_path.sh
[12.523s] -- Installing: /home/bibek/Summer_Research/multipanda_ros2/install/franka_msgs/share/franka_msgs/environment/library_path.dsv
[12.524s] -- Installing: /home/bibek/Summer_Research/multipanda_ros2/install/franka_msgs/lib/libfranka_msgs__rosidl_generator_c.so
[12.524s] -- Set runtime path of "/home/bibek/Summer_Research/multipanda_ros2/install/franka_msgs/lib/libfranka_msgs__rosidl_generator_c.so" to ""
[12.525s] -- Up-to-date: /home/bibek/Summer_Research/multipanda_ros2/install/franka_msgs/include/franka_msgs/franka_msgs
[12.525s] -- Up-to-date: /home/bibek/Summer_Research/multipanda_ros2/install/franka_msgs/include/franka_msgs/franka_msgs/action
[12.525s] -- Up-to-date: /home/bibek/Summer_Research/multipanda_ros2/install/franka_msgs/include/franka_msgs/franka_msgs/action/detail
[12.525s] -- Installing: /home/bibek/Summer_Research/multipanda_ros2/install/franka_msgs/include/franka_msgs/franka_msgs/action/detail/homing__rosidl_typesupport_fastrtps_c.h
[12.525s] -- Installing: /home/bibek/Summer_Research/multipanda_ros2/install/franka_msgs/include/franka_msgs/franka_msgs/action/detail/move__rosidl_typesupport_fastrtps_c.h
[12.525s] -- Installing: /home/bibek/Summer_Research/multipanda_ros2/install/franka_msgs/include/franka_msgs/franka_msgs/action/detail/grasp__rosidl_typesupport_fastrtps_c.h
[12.525s] -- Up-to-date: /home/bibek/Summer_Research/multipanda_ros2/install/franka_msgs/include/franka_msgs/franka_msgs/msg
[12.525s] -- Installing: /home/bibek/Summer_Research/multipanda_ros2/install/franka_msgs/include/franka_msgs/franka_msgs/msg/rosidl_typesupport_fastrtps_c__visibility_control.h
[12.525s] -- Up-to-date: /home/bibek/Summer_Research/multipanda_ros2/install/franka_msgs/include/franka_msgs/franka_msgs/msg/detail
[12.525s] -- Installing: /home/bibek/Summer_Research/multipanda_ros2/install/franka_msgs/include/franka_msgs/franka_msgs/msg/detail/franka_state__rosidl_typesupport_fastrtps_c.h
[12.526s] -- Installing: /home/bibek/Summer_Research/multipanda_ros2/install/franka_msgs/include/franka_msgs/franka_msgs/msg/detail/errors__rosidl_typesupport_fastrtps_c.h
[12.526s] -- Installing: /home/bibek/Summer_Research/multipanda_ros2/install/franka_msgs/include/franka_msgs/franka_msgs/msg/detail/grasp_epsilon__rosidl_typesupport_fastrtps_c.h
[12.526s] -- Installing: /home/bibek/Summer_Research/multipanda_ros2/install/franka_msgs/include/franka_msgs/franka_msgs/msg/detail/franka_model__rosidl_typesupport_fastrtps_c.h
[12.526s] -- Installing: /home/bibek/Summer_Research/multipanda_ros2/install/franka_msgs/include/franka_msgs/franka_msgs/msg/detail/pose_stamped_array__rosidl_typesupport_fastrtps_c.h
[12.526s] -- Up-to-date: /home/bibek/Summer_Research/multipanda_ros2/install/franka_msgs/include/franka_msgs/franka_msgs/srv
[12.526s] -- Up-to-date: /home/bibek/Summer_Research/multipanda_ros2/install/franka_msgs/include/franka_msgs/franka_msgs/srv/detail
[12.526s] -- Installing: /home/bibek/Summer_Research/multipanda_ros2/install/franka_msgs/include/franka_msgs/franka_msgs/srv/detail/set_tcp_frame__rosidl_typesupport_fastrtps_c.h
[12.526s] -- Installing: /home/bibek/Summer_Research/multipanda_ros2/install/franka_msgs/include/franka_msgs/franka_msgs/srv/detail/set_stiffness_frame__rosidl_typesupport_fastrtps_c.h
[12.526s] -- Installing: /home/bibek/Summer_Research/multipanda_ros2/install/franka_msgs/include/franka_msgs/franka_msgs/srv/detail/set_mujoco_poses__rosidl_typesupport_fastrtps_c.h
[12.527s] -- Installing: /home/bibek/Summer_Research/multipanda_ros2/install/franka_msgs/include/franka_msgs/franka_msgs/srv/detail/set_cartesian_stiffness__rosidl_typesupport_fastrtps_c.h
[12.527s] -- Installing: /home/bibek/Summer_Research/multipanda_ros2/install/franka_msgs/include/franka_msgs/franka_msgs/srv/detail/set_full_collision_behavior__rosidl_typesupport_fastrtps_c.h
[12.527s] -- Installing: /home/bibek/Summer_Research/multipanda_ros2/install/franka_msgs/include/franka_msgs/franka_msgs/srv/detail/set_load__rosidl_typesupport_fastrtps_c.h
[12.527s] -- Installing: /home/bibek/Summer_Research/multipanda_ros2/install/franka_msgs/include/franka_msgs/franka_msgs/srv/detail/set_joint_stiffness__rosidl_typesupport_fastrtps_c.h
[12.527s] -- Installing: /home/bibek/Summer_Research/multipanda_ros2/install/franka_msgs/include/franka_msgs/franka_msgs/srv/detail/set_force_torque_collision_behavior__rosidl_typesupport_fastrtps_c.h
[12.527s] -- Installing: /home/bibek/Summer_Research/multipanda_ros2/install/franka_msgs/include/franka_msgs/franka_msgs/srv/detail/error_recovery__rosidl_typesupport_fastrtps_c.h
[12.527s] -- Installing: /home/bibek/Summer_Research/multipanda_ros2/install/franka_msgs/lib/libfranka_msgs__rosidl_typesupport_fastrtps_c.so
[12.528s] -- Set runtime path of "/home/bibek/Summer_Research/multipanda_ros2/install/franka_msgs/lib/libfranka_msgs__rosidl_typesupport_fastrtps_c.so" to ""
[12.528s] -- Up-to-date: /home/bibek/Summer_Research/multipanda_ros2/install/franka_msgs/include/franka_msgs/franka_msgs
[12.528s] -- Up-to-date: /home/bibek/Summer_Research/multipanda_ros2/install/franka_msgs/include/franka_msgs/franka_msgs/action
[12.528s] -- Up-to-date: /home/bibek/Summer_Research/multipanda_ros2/install/franka_msgs/include/franka_msgs/franka_msgs/action/detail
[12.528s] -- Installing: /home/bibek/Summer_Research/multipanda_ros2/install/franka_msgs/include/franka_msgs/franka_msgs/action/detail/move__type_support.c
[12.529s] -- Installing: /home/bibek/Summer_Research/multipanda_ros2/install/franka_msgs/include/franka_msgs/franka_msgs/action/detail/homing__rosidl_typesupport_introspection_c.h
[12.529s] -- Installing: /home/bibek/Summer_Research/multipanda_ros2/install/franka_msgs/include/franka_msgs/franka_msgs/action/detail/grasp__rosidl_typesupport_introspection_c.h
[12.529s] -- Installing: /home/bibek/Summer_Research/multipanda_ros2/install/franka_msgs/include/franka_msgs/franka_msgs/action/detail/homing__type_support.c
[12.529s] -- Installing: /home/bibek/Summer_Research/multipanda_ros2/install/franka_msgs/include/franka_msgs/franka_msgs/action/detail/move__rosidl_typesupport_introspection_c.h
[12.529s] -- Installing: /home/bibek/Summer_Research/multipanda_ros2/install/franka_msgs/include/franka_msgs/franka_msgs/action/detail/grasp__type_support.c
[12.529s] -- Up-to-date: /home/bibek/Summer_Research/multipanda_ros2/install/franka_msgs/include/franka_msgs/franka_msgs/msg
[12.529s] -- Installing: /home/bibek/Summer_Research/multipanda_ros2/install/franka_msgs/include/franka_msgs/franka_msgs/msg/rosidl_typesupport_introspection_c__visibility_control.h
[12.530s] -- Up-to-date: /home/bibek/Summer_Research/multipanda_ros2/install/franka_msgs/include/franka_msgs/franka_msgs/msg/detail
[12.530s] -- Installing: /home/bibek/Summer_Research/multipanda_ros2/install/franka_msgs/include/franka_msgs/franka_msgs/msg/detail/grasp_epsilon__rosidl_typesupport_introspection_c.h
[12.530s] -- Installing: /home/bibek/Summer_Research/multipanda_ros2/install/franka_msgs/include/franka_msgs/franka_msgs/msg/detail/franka_state__type_support.c
[12.530s] -- Installing: /home/bibek/Summer_Research/multipanda_ros2/install/franka_msgs/include/franka_msgs/franka_msgs/msg/detail/franka_model__rosidl_typesupport_introspection_c.h
[12.530s] -- Installing: /home/bibek/Summer_Research/multipanda_ros2/install/franka_msgs/include/franka_msgs/franka_msgs/msg/detail/errors__rosidl_typesupport_introspection_c.h
[12.530s] -- Installing: /home/bibek/Summer_Research/multipanda_ros2/install/franka_msgs/include/franka_msgs/franka_msgs/msg/detail/grasp_epsilon__type_support.c
[12.530s] -- Installing: /home/bibek/Summer_Research/multipanda_ros2/install/franka_msgs/include/franka_msgs/franka_msgs/msg/detail/pose_stamped_array__rosidl_typesupport_introspection_c.h
[12.531s] -- Installing: /home/bibek/Summer_Research/multipanda_ros2/install/franka_msgs/include/franka_msgs/franka_msgs/msg/detail/pose_stamped_array__type_support.c
[12.531s] -- Installing: /home/bibek/Summer_Research/multipanda_ros2/install/franka_msgs/include/franka_msgs/franka_msgs/msg/detail/errors__type_support.c
[12.531s] -- Installing: /home/bibek/Summer_Research/multipanda_ros2/install/franka_msgs/include/franka_msgs/franka_msgs/msg/detail/franka_state__rosidl_typesupport_introspection_c.h
[12.531s] -- Installing: /home/bibek/Summer_Research/multipanda_ros2/install/franka_msgs/include/franka_msgs/franka_msgs/msg/detail/franka_model__type_support.c
[12.531s] -- Up-to-date: /home/bibek/Summer_Research/multipanda_ros2/install/franka_msgs/include/franka_msgs/franka_msgs/srv
[12.531s] -- Up-to-date: /home/bibek/Summer_Research/multipanda_ros2/install/franka_msgs/include/franka_msgs/franka_msgs/srv/detail
[12.531s] -- Installing: /home/bibek/Summer_Research/multipanda_ros2/install/franka_msgs/include/franka_msgs/franka_msgs/srv/detail/set_stiffness_frame__type_support.c
[12.531s] -- Installing: /home/bibek/Summer_Research/multipanda_ros2/install/franka_msgs/include/franka_msgs/franka_msgs/srv/detail/set_mujoco_poses__type_support.c
[12.532s] -- Installing: /home/bibek/Summer_Research/multipanda_ros2/install/franka_msgs/include/franka_msgs/franka_msgs/srv/detail/set_cartesian_stiffness__rosidl_typesupport_introspection_c.h
[12.532s] -- Installing: /home/bibek/Summer_Research/multipanda_ros2/install/franka_msgs/include/franka_msgs/franka_msgs/srv/detail/error_recovery__rosidl_typesupport_introspection_c.h
[12.532s] -- Installing: /home/bibek/Summer_Research/multipanda_ros2/install/franka_msgs/include/franka_msgs/franka_msgs/srv/detail/set_mujoco_poses__rosidl_typesupport_introspection_c.h
[12.532s] -- Installing: /home/bibek/Summer_Research/multipanda_ros2/install/franka_msgs/include/franka_msgs/franka_msgs/srv/detail/set_force_torque_collision_behavior__rosidl_typesupport_introspection_c.h
[12.532s] -- Installing: /home/bibek/Summer_Research/multipanda_ros2/install/franka_msgs/include/franka_msgs/franka_msgs/srv/detail/set_full_collision_behavior__type_support.c
[12.532s] -- Installing: /home/bibek/Summer_Research/multipanda_ros2/install/franka_msgs/include/franka_msgs/franka_msgs/srv/detail/error_recovery__type_support.c
[12.532s] -- Installing: /home/bibek/Summer_Research/multipanda_ros2/install/franka_msgs/include/franka_msgs/franka_msgs/srv/detail/set_joint_stiffness__rosidl_typesupport_introspection_c.h
[12.533s] -- Installing: /home/bibek/Summer_Research/multipanda_ros2/install/franka_msgs/include/franka_msgs/franka_msgs/srv/detail/set_tcp_frame__rosidl_typesupport_introspection_c.h
[12.533s] -- Installing: /home/bibek/Summer_Research/multipanda_ros2/install/franka_msgs/include/franka_msgs/franka_msgs/srv/detail/set_stiffness_frame__rosidl_typesupport_introspection_c.h
[12.533s] -- Installing: /home/bibek/Summer_Research/multipanda_ros2/install/franka_msgs/include/franka_msgs/franka_msgs/srv/detail/set_load__type_support.c
[12.533s] -- Installing: /home/bibek/Summer_Research/multipanda_ros2/install/franka_msgs/include/franka_msgs/franka_msgs/srv/detail/set_load__rosidl_typesupport_introspection_c.h
[12.533s] -- Installing: /home/bibek/Summer_Research/multipanda_ros2/install/franka_msgs/include/franka_msgs/franka_msgs/srv/detail/set_tcp_frame__type_support.c
[12.533s] -- Installing: /home/bibek/Summer_Research/multipanda_ros2/install/franka_msgs/include/franka_msgs/franka_msgs/srv/detail/set_force_torque_collision_behavior__type_support.c
[12.533s] -- Installing: /home/bibek/Summer_Research/multipanda_ros2/install/franka_msgs/include/franka_msgs/franka_msgs/srv/detail/set_cartesian_stiffness__type_support.c
[12.534s] -- Installing: /home/bibek/Summer_Research/multipanda_ros2/install/franka_msgs/include/franka_msgs/franka_msgs/srv/detail/set_full_collision_behavior__rosidl_typesupport_introspection_c.h
[12.534s] -- Installing: /home/bibek/Summer_Research/multipanda_ros2/install/franka_msgs/include/franka_msgs/franka_msgs/srv/detail/set_joint_stiffness__type_support.c
[12.534s] -- Installing: /home/bibek/Summer_Research/multipanda_ros2/install/franka_msgs/lib/libfranka_msgs__rosidl_typesupport_introspection_c.so
[12.535s] -- Set runtime path of "/home/bibek/Summer_Research/multipanda_ros2/install/franka_msgs/lib/libfranka_msgs__rosidl_typesupport_introspection_c.so" to ""
[12.535s] -- Installing: /home/bibek/Summer_Research/multipanda_ros2/install/franka_msgs/lib/libfranka_msgs__rosidl_typesupport_c.so
[12.535s] -- Set runtime path of "/home/bibek/Summer_Research/multipanda_ros2/install/franka_msgs/lib/libfranka_msgs__rosidl_typesupport_c.so" to ""
[12.535s] -- Up-to-date: /home/bibek/Summer_Research/multipanda_ros2/install/franka_msgs/include/franka_msgs/franka_msgs
[12.535s] -- Up-to-date: /home/bibek/Summer_Research/multipanda_ros2/install/franka_msgs/include/franka_msgs/franka_msgs/action
[12.536s] -- Installing: /home/bibek/Summer_Research/multipanda_ros2/install/franka_msgs/include/franka_msgs/franka_msgs/action/move.hpp
[12.536s] -- Installing: /home/bibek/Summer_Research/multipanda_ros2/install/franka_msgs/include/franka_msgs/franka_msgs/action/homing.hpp
[12.536s] -- Up-to-date: /home/bibek/Summer_Research/multipanda_ros2/install/franka_msgs/include/franka_msgs/franka_msgs/action/detail
[12.536s] -- Installing: /home/bibek/Summer_Research/multipanda_ros2/install/franka_msgs/include/franka_msgs/franka_msgs/action/detail/grasp__type_support.hpp
[12.536s] -- Installing: /home/bibek/Summer_Research/multipanda_ros2/install/franka_msgs/include/franka_msgs/franka_msgs/action/detail/grasp__struct.hpp
[12.536s] -- Installing: /home/bibek/Summer_Research/multipanda_ros2/install/franka_msgs/include/franka_msgs/franka_msgs/action/detail/homing__builder.hpp
[12.536s] -- Installing: /home/bibek/Summer_Research/multipanda_ros2/install/franka_msgs/include/franka_msgs/franka_msgs/action/detail/move__type_support.hpp
[12.536s] -- Installing: /home/bibek/Summer_Research/multipanda_ros2/install/franka_msgs/include/franka_msgs/franka_msgs/action/detail/grasp__builder.hpp
[12.536s] -- Installing: /home/bibek/Summer_Research/multipanda_ros2/install/franka_msgs/include/franka_msgs/franka_msgs/action/detail/move__struct.hpp
[12.537s] -- Installing: /home/bibek/Summer_Research/multipanda_ros2/install/franka_msgs/include/franka_msgs/franka_msgs/action/detail/homing__type_support.hpp
[12.537s] -- Installing: /home/bibek/Summer_Research/multipanda_ros2/install/franka_msgs/include/franka_msgs/franka_msgs/action/detail/homing__traits.hpp
[12.537s] -- Installing: /home/bibek/Summer_Research/multipanda_ros2/install/franka_msgs/include/franka_msgs/franka_msgs/action/detail/homing__struct.hpp
[12.537s] -- Installing: /home/bibek/Summer_Research/multipanda_ros2/install/franka_msgs/include/franka_msgs/franka_msgs/action/detail/grasp__traits.hpp
[12.537s] -- Installing: /home/bibek/Summer_Research/multipanda_ros2/install/franka_msgs/include/franka_msgs/franka_msgs/action/detail/move__traits.hpp
[12.537s] -- Installing: /home/bibek/Summer_Research/multipanda_ros2/install/franka_msgs/include/franka_msgs/franka_msgs/action/detail/move__builder.hpp
[12.538s] -- Installing: /home/bibek/Summer_Research/multipanda_ros2/install/franka_msgs/include/franka_msgs/franka_msgs/action/grasp.hpp
[12.538s] -- Up-to-date: /home/bibek/Summer_Research/multipanda_ros2/install/franka_msgs/include/franka_msgs/franka_msgs/msg
[12.538s] -- Installing: /home/bibek/Summer_Research/multipanda_ros2/install/franka_msgs/include/franka_msgs/franka_msgs/msg/errors.hpp
[12.538s] -- Installing: /home/bibek/Summer_Research/multipanda_ros2/install/franka_msgs/include/franka_msgs/franka_msgs/msg/pose_stamped_array.hpp
[12.538s] -- Installing: /home/bibek/Summer_Research/multipanda_ros2/install/franka_msgs/include/franka_msgs/franka_msgs/msg/rosidl_generator_cpp__visibility_control.hpp
[12.538s] -- Installing: /home/bibek/Summer_Research/multipanda_ros2/install/franka_msgs/include/franka_msgs/franka_msgs/msg/franka_model.hpp
[12.538s] -- Installing: /home/bibek/Summer_Research/multipanda_ros2/install/franka_msgs/include/franka_msgs/franka_msgs/msg/grasp_epsilon.hpp
[12.538s] -- Up-to-date: /home/bibek/Summer_Research/multipanda_ros2/install/franka_msgs/include/franka_msgs/franka_msgs/msg/detail
[12.538s] -- Installing: /home/bibek/Summer_Research/multipanda_ros2/install/franka_msgs/include/franka_msgs/franka_msgs/msg/detail/grasp_epsilon__type_support.hpp
[12.539s] -- Installing: /home/bibek/Summer_Research/multipanda_ros2/install/franka_msgs/include/franka_msgs/franka_msgs/msg/detail/grasp_epsilon__builder.hpp
[12.539s] -- Installing: /home/bibek/Summer_Research/multipanda_ros2/install/franka_msgs/include/franka_msgs/franka_msgs/msg/detail/franka_state__struct.hpp
[12.539s] -- Installing: /home/bibek/Summer_Research/multipanda_ros2/install/franka_msgs/include/franka_msgs/franka_msgs/msg/detail/franka_state__type_support.hpp
[12.539s] -- Installing: /home/bibek/Summer_Research/multipanda_ros2/install/franka_msgs/include/franka_msgs/franka_msgs/msg/detail/pose_stamped_array__struct.hpp
[12.539s] -- Installing: /home/bibek/Summer_Research/multipanda_ros2/install/franka_msgs/include/franka_msgs/franka_msgs/msg/detail/franka_state__traits.hpp
[12.539s] -- Installing: /home/bibek/Summer_Research/multipanda_ros2/install/franka_msgs/include/franka_msgs/franka_msgs/msg/detail/pose_stamped_array__type_support.hpp
[12.539s] -- Installing: /home/bibek/Summer_Research/multipanda_ros2/install/franka_msgs/include/franka_msgs/franka_msgs/msg/detail/pose_stamped_array__builder.hpp
[12.540s] -- Installing: /home/bibek/Summer_Research/multipanda_ros2/install/franka_msgs/include/franka_msgs/franka_msgs/msg/detail/errors__traits.hpp
[12.540s] -- Installing: /home/bibek/Summer_Research/multipanda_ros2/install/franka_msgs/include/franka_msgs/franka_msgs/msg/detail/pose_stamped_array__traits.hpp
[12.540s] -- Installing: /home/bibek/Summer_Research/multipanda_ros2/install/franka_msgs/include/franka_msgs/franka_msgs/msg/detail/errors__type_support.hpp
[12.540s] -- Installing: /home/bibek/Summer_Research/multipanda_ros2/install/franka_msgs/include/franka_msgs/franka_msgs/msg/detail/franka_model__builder.hpp
[12.540s] -- Installing: /home/bibek/Summer_Research/multipanda_ros2/install/franka_msgs/include/franka_msgs/franka_msgs/msg/detail/franka_model__traits.hpp
[12.540s] -- Installing: /home/bibek/Summer_Research/multipanda_ros2/install/franka_msgs/include/franka_msgs/franka_msgs/msg/detail/grasp_epsilon__traits.hpp
[12.540s] -- Installing: /home/bibek/Summer_Research/multipanda_ros2/install/franka_msgs/include/franka_msgs/franka_msgs/msg/detail/franka_model__struct.hpp
[12.541s] -- Installing: /home/bibek/Summer_Research/multipanda_ros2/install/franka_msgs/include/franka_msgs/franka_msgs/msg/detail/grasp_epsilon__struct.hpp
[12.541s] -- Installing: /home/bibek/Summer_Research/multipanda_ros2/install/franka_msgs/include/franka_msgs/franka_msgs/msg/detail/franka_state__builder.hpp
[12.541s] -- Installing: /home/bibek/Summer_Research/multipanda_ros2/install/franka_msgs/include/franka_msgs/franka_msgs/msg/detail/errors__struct.hpp
[12.541s] -- Installing: /home/bibek/Summer_Research/multipanda_ros2/install/franka_msgs/include/franka_msgs/franka_msgs/msg/detail/errors__builder.hpp
[12.541s] -- Installing: /home/bibek/Summer_Research/multipanda_ros2/install/franka_msgs/include/franka_msgs/franka_msgs/msg/detail/franka_model__type_support.hpp
[12.541s] -- Installing: /home/bibek/Summer_Research/multipanda_ros2/install/franka_msgs/include/franka_msgs/franka_msgs/msg/franka_state.hpp
[12.541s] -- Up-to-date: /home/bibek/Summer_Research/multipanda_ros2/install/franka_msgs/include/franka_msgs/franka_msgs/srv
[12.541s] -- Installing: /home/bibek/Summer_Research/multipanda_ros2/install/franka_msgs/include/franka_msgs/franka_msgs/srv/error_recovery.hpp
[12.542s] -- Installing: /home/bibek/Summer_Research/multipanda_ros2/install/franka_msgs/include/franka_msgs/franka_msgs/srv/set_force_torque_collision_behavior.hpp
[12.542s] -- Installing: /home/bibek/Summer_Research/multipanda_ros2/install/franka_msgs/include/franka_msgs/franka_msgs/srv/set_cartesian_stiffness.hpp
[12.542s] -- Installing: /home/bibek/Summer_Research/multipanda_ros2/install/franka_msgs/include/franka_msgs/franka_msgs/srv/set_joint_stiffness.hpp
[12.542s] -- Installing: /home/bibek/Summer_Research/multipanda_ros2/install/franka_msgs/include/franka_msgs/franka_msgs/srv/set_tcp_frame.hpp
[12.542s] -- Installing: /home/bibek/Summer_Research/multipanda_ros2/install/franka_msgs/include/franka_msgs/franka_msgs/srv/set_mujoco_poses.hpp
[12.542s] -- Installing: /home/bibek/Summer_Research/multipanda_ros2/install/franka_msgs/include/franka_msgs/franka_msgs/srv/set_full_collision_behavior.hpp
[12.542s] -- Installing: /home/bibek/Summer_Research/multipanda_ros2/install/franka_msgs/include/franka_msgs/franka_msgs/srv/set_stiffness_frame.hpp
[12.543s] -- Up-to-date: /home/bibek/Summer_Research/multipanda_ros2/install/franka_msgs/include/franka_msgs/franka_msgs/srv/detail
[12.543s] -- Installing: /home/bibek/Summer_Research/multipanda_ros2/install/franka_msgs/include/franka_msgs/franka_msgs/srv/detail/set_joint_stiffness__traits.hpp
[12.543s] -- Installing: /home/bibek/Summer_Research/multipanda_ros2/install/franka_msgs/include/franka_msgs/franka_msgs/srv/detail/error_recovery__struct.hpp
[12.543s] -- Installing: /home/bibek/Summer_Research/multipanda_ros2/install/franka_msgs/include/franka_msgs/franka_msgs/srv/detail/set_stiffness_frame__traits.hpp
[12.543s] -- Installing: /home/bibek/Summer_Research/multipanda_ros2/install/franka_msgs/include/franka_msgs/franka_msgs/srv/detail/set_full_collision_behavior__struct.hpp
[12.543s] -- Installing: /home/bibek/Summer_Research/multipanda_ros2/install/franka_msgs/include/franka_msgs/franka_msgs/srv/detail/set_load__struct.hpp
[12.543s] -- Installing: /home/bibek/Summer_Research/multipanda_ros2/install/franka_msgs/include/franka_msgs/franka_msgs/srv/detail/set_stiffness_frame__struct.hpp
[12.543s] -- Installing: /home/bibek/Summer_Research/multipanda_ros2/install/franka_msgs/include/franka_msgs/franka_msgs/srv/detail/set_load__traits.hpp
[12.544s] -- Installing: /home/bibek/Summer_Research/multipanda_ros2/install/franka_msgs/include/franka_msgs/franka_msgs/srv/detail/set_force_torque_collision_behavior__builder.hpp
[12.544s] -- Installing: /home/bibek/Summer_Research/multipanda_ros2/install/franka_msgs/include/franka_msgs/franka_msgs/srv/detail/set_full_collision_behavior__builder.hpp
[12.544s] -- Installing: /home/bibek/Summer_Research/multipanda_ros2/install/franka_msgs/include/franka_msgs/franka_msgs/srv/detail/set_tcp_frame__type_support.hpp
[12.544s] -- Installing: /home/bibek/Summer_Research/multipanda_ros2/install/franka_msgs/include/franka_msgs/franka_msgs/srv/detail/set_cartesian_stiffness__traits.hpp
[12.544s] -- Installing: /home/bibek/Summer_Research/multipanda_ros2/install/franka_msgs/include/franka_msgs/franka_msgs/srv/detail/set_cartesian_stiffness__struct.hpp
[12.544s] -- Installing: /home/bibek/Summer_Research/multipanda_ros2/install/franka_msgs/include/franka_msgs/franka_msgs/srv/detail/set_mujoco_poses__struct.hpp
[12.544s] -- Installing: /home/bibek/Summer_Research/multipanda_ros2/install/franka_msgs/include/franka_msgs/franka_msgs/srv/detail/set_force_torque_collision_behavior__struct.hpp
[12.545s] -- Installing: /home/bibek/Summer_Research/multipanda_ros2/install/franka_msgs/include/franka_msgs/franka_msgs/srv/detail/set_cartesian_stiffness__type_support.hpp
[12.545s] -- Installing: /home/bibek/Summer_Research/multipanda_ros2/install/franka_msgs/include/franka_msgs/franka_msgs/srv/detail/set_joint_stiffness__type_support.hpp
[12.545s] -- Installing: /home/bibek/Summer_Research/multipanda_ros2/install/franka_msgs/include/franka_msgs/franka_msgs/srv/detail/set_joint_stiffness__struct.hpp
[12.545s] -- Installing: /home/bibek/Summer_Research/multipanda_ros2/install/franka_msgs/include/franka_msgs/franka_msgs/srv/detail/set_load__builder.hpp
[12.545s] -- Installing: /home/bibek/Summer_Research/multipanda_ros2/install/franka_msgs/include/franka_msgs/franka_msgs/srv/detail/set_mujoco_poses__traits.hpp
[12.546s] -- Installing: /home/bibek/Summer_Research/multipanda_ros2/install/franka_msgs/include/franka_msgs/franka_msgs/srv/detail/set_stiffness_frame__type_support.hpp
[12.546s] -- Installing: /home/bibek/Summer_Research/multipanda_ros2/install/franka_msgs/include/franka_msgs/franka_msgs/srv/detail/set_stiffness_frame__builder.hpp
[12.546s] -- Installing: /home/bibek/Summer_Research/multipanda_ros2/install/franka_msgs/include/franka_msgs/franka_msgs/srv/detail/set_force_torque_collision_behavior__type_support.hpp
[12.546s] -- Installing: /home/bibek/Summer_Research/multipanda_ros2/install/franka_msgs/include/franka_msgs/franka_msgs/srv/detail/set_cartesian_stiffness__builder.hpp
[12.546s] -- Installing: /home/bibek/Summer_Research/multipanda_ros2/install/franka_msgs/include/franka_msgs/franka_msgs/srv/detail/set_full_collision_behavior__traits.hpp
[12.546s] -- Installing: /home/bibek/Summer_Research/multipanda_ros2/install/franka_msgs/include/franka_msgs/franka_msgs/srv/detail/error_recovery__builder.hpp
[12.546s] -- Installing: /home/bibek/Summer_Research/multipanda_ros2/install/franka_msgs/include/franka_msgs/franka_msgs/srv/detail/set_mujoco_poses__type_support.hpp
[12.546s] -- Installing: /home/bibek/Summer_Research/multipanda_ros2/install/franka_msgs/include/franka_msgs/franka_msgs/srv/detail/set_load__type_support.hpp
[12.546s] -- Installing: /home/bibek/Summer_Research/multipanda_ros2/install/franka_msgs/include/franka_msgs/franka_msgs/srv/detail/set_tcp_frame__builder.hpp
[12.546s] -- Installing: /home/bibek/Summer_Research/multipanda_ros2/install/franka_msgs/include/franka_msgs/franka_msgs/srv/detail/set_force_torque_collision_behavior__traits.hpp
[12.547s] -- Installing: /home/bibek/Summer_Research/multipanda_ros2/install/franka_msgs/include/franka_msgs/franka_msgs/srv/detail/error_recovery__traits.hpp
[12.547s] -- Installing: /home/bibek/Summer_Research/multipanda_ros2/install/franka_msgs/include/franka_msgs/franka_msgs/srv/detail/error_recovery__type_support.hpp
[12.547s] -- Installing: /home/bibek/Summer_Research/multipanda_ros2/install/franka_msgs/include/franka_msgs/franka_msgs/srv/detail/set_tcp_frame__struct.hpp
[12.547s] -- Installing: /home/bibek/Summer_Research/multipanda_ros2/install/franka_msgs/include/franka_msgs/franka_msgs/srv/detail/set_joint_stiffness__builder.hpp
[12.547s] -- Installing: /home/bibek/Summer_Research/multipanda_ros2/install/franka_msgs/include/franka_msgs/franka_msgs/srv/detail/set_full_collision_behavior__type_support.hpp
[12.547s] -- Installing: /home/bibek/Summer_Research/multipanda_ros2/install/franka_msgs/include/franka_msgs/franka_msgs/srv/detail/set_tcp_frame__traits.hpp
[12.547s] -- Installing: /home/bibek/Summer_Research/multipanda_ros2/install/franka_msgs/include/franka_msgs/franka_msgs/srv/detail/set_mujoco_poses__builder.hpp
[12.547s] -- Installing: /home/bibek/Summer_Research/multipanda_ros2/install/franka_msgs/include/franka_msgs/franka_msgs/srv/set_load.hpp
[12.547s] -- Up-to-date: /home/bibek/Summer_Research/multipanda_ros2/install/franka_msgs/include/franka_msgs/franka_msgs
[12.547s] -- Up-to-date: /home/bibek/Summer_Research/multipanda_ros2/install/franka_msgs/include/franka_msgs/franka_msgs/action
[12.547s] -- Up-to-date: /home/bibek/Summer_Research/multipanda_ros2/install/franka_msgs/include/franka_msgs/franka_msgs/action/detail
[12.547s] -- Installing: /home/bibek/Summer_Research/multipanda_ros2/install/franka_msgs/include/franka_msgs/franka_msgs/action/detail/grasp__rosidl_typesupport_fastrtps_cpp.hpp
[12.548s] -- Installing: /home/bibek/Summer_Research/multipanda_ros2/install/franka_msgs/include/franka_msgs/franka_msgs/action/detail/dds_fastrtps
[12.548s] -- Installing: /home/bibek/Summer_Research/multipanda_ros2/install/franka_msgs/include/franka_msgs/franka_msgs/action/detail/move__rosidl_typesupport_fastrtps_cpp.hpp
[12.548s] -- Installing: /home/bibek/Summer_Research/multipanda_ros2/install/franka_msgs/include/franka_msgs/franka_msgs/action/detail/homing__rosidl_typesupport_fastrtps_cpp.hpp
[12.548s] -- Up-to-date: /home/bibek/Summer_Research/multipanda_ros2/install/franka_msgs/include/franka_msgs/franka_msgs/msg
[12.548s] -- Installing: /home/bibek/Summer_Research/multipanda_ros2/install/franka_msgs/include/franka_msgs/franka_msgs/msg/rosidl_typesupport_fastrtps_cpp__visibility_control.h
[12.548s] -- Up-to-date: /home/bibek/Summer_Research/multipanda_ros2/install/franka_msgs/include/franka_msgs/franka_msgs/msg/detail
[12.548s] -- Installing: /home/bibek/Summer_Research/multipanda_ros2/install/franka_msgs/include/franka_msgs/franka_msgs/msg/detail/dds_fastrtps
[12.548s] -- Installing: /home/bibek/Summer_Research/multipanda_ros2/install/franka_msgs/include/franka_msgs/franka_msgs/msg/detail/errors__rosidl_typesupport_fastrtps_cpp.hpp
[12.548s] -- Installing: /home/bibek/Summer_Research/multipanda_ros2/install/franka_msgs/include/franka_msgs/franka_msgs/msg/detail/pose_stamped_array__rosidl_typesupport_fastrtps_cpp.hpp
[12.548s] -- Installing: /home/bibek/Summer_Research/multipanda_ros2/install/franka_msgs/include/franka_msgs/franka_msgs/msg/detail/franka_model__rosidl_typesupport_fastrtps_cpp.hpp
[12.548s] -- Installing: /home/bibek/Summer_Research/multipanda_ros2/install/franka_msgs/include/franka_msgs/franka_msgs/msg/detail/grasp_epsilon__rosidl_typesupport_fastrtps_cpp.hpp
[12.549s] -- Installing: /home/bibek/Summer_Research/multipanda_ros2/install/franka_msgs/include/franka_msgs/franka_msgs/msg/detail/franka_state__rosidl_typesupport_fastrtps_cpp.hpp
[12.549s] -- Up-to-date: /home/bibek/Summer_Research/multipanda_ros2/install/franka_msgs/include/franka_msgs/franka_msgs/srv
[12.549s] -- Up-to-date: /home/bibek/Summer_Research/multipanda_ros2/install/franka_msgs/include/franka_msgs/franka_msgs/srv/detail
[12.549s] -- Installing: /home/bibek/Summer_Research/multipanda_ros2/install/franka_msgs/include/franka_msgs/franka_msgs/srv/detail/set_tcp_frame__rosidl_typesupport_fastrtps_cpp.hpp
[12.549s] -- Installing: /home/bibek/Summer_Research/multipanda_ros2/install/franka_msgs/include/franka_msgs/franka_msgs/srv/detail/set_force_torque_collision_behavior__rosidl_typesupport_fastrtps_cpp.hpp
[12.549s] -- Installing: /home/bibek/Summer_Research/multipanda_ros2/install/franka_msgs/include/franka_msgs/franka_msgs/srv/detail/dds_fastrtps
[12.549s] -- Installing: /home/bibek/Summer_Research/multipanda_ros2/install/franka_msgs/include/franka_msgs/franka_msgs/srv/detail/set_stiffness_frame__rosidl_typesupport_fastrtps_cpp.hpp
[12.549s] -- Installing: /home/bibek/Summer_Research/multipanda_ros2/install/franka_msgs/include/franka_msgs/franka_msgs/srv/detail/set_load__rosidl_typesupport_fastrtps_cpp.hpp
[12.549s] -- Installing: /home/bibek/Summer_Research/multipanda_ros2/install/franka_msgs/include/franka_msgs/franka_msgs/srv/detail/set_joint_stiffness__rosidl_typesupport_fastrtps_cpp.hpp
[12.549s] -- Installing: /home/bibek/Summer_Research/multipanda_ros2/install/franka_msgs/include/franka_msgs/franka_msgs/srv/detail/error_recovery__rosidl_typesupport_fastrtps_cpp.hpp
[12.549s] -- Installing: /home/bibek/Summer_Research/multipanda_ros2/install/franka_msgs/include/franka_msgs/franka_msgs/srv/detail/set_cartesian_stiffness__rosidl_typesupport_fastrtps_cpp.hpp
[12.549s] -- Installing: /home/bibek/Summer_Research/multipanda_ros2/install/franka_msgs/include/franka_msgs/franka_msgs/srv/detail/set_mujoco_poses__rosidl_typesupport_fastrtps_cpp.hpp
[12.550s] -- Installing: /home/bibek/Summer_Research/multipanda_ros2/install/franka_msgs/include/franka_msgs/franka_msgs/srv/detail/set_full_collision_behavior__rosidl_typesupport_fastrtps_cpp.hpp
[12.550s] -- Installing: /home/bibek/Summer_Research/multipanda_ros2/install/franka_msgs/lib/libfranka_msgs__rosidl_typesupport_fastrtps_cpp.so
[12.550s] -- Set runtime path of "/home/bibek/Summer_Research/multipanda_ros2/install/franka_msgs/lib/libfranka_msgs__rosidl_typesupport_fastrtps_cpp.so" to ""
[12.550s] -- Up-to-date: /home/bibek/Summer_Research/multipanda_ros2/install/franka_msgs/include/franka_msgs/franka_msgs
[12.550s] -- Up-to-date: /home/bibek/Summer_Research/multipanda_ros2/install/franka_msgs/include/franka_msgs/franka_msgs/action
[12.550s] -- Up-to-date: /home/bibek/Summer_Research/multipanda_ros2/install/franka_msgs/include/franka_msgs/franka_msgs/action/detail
[12.550s] -- Installing: /home/bibek/Summer_Research/multipanda_ros2/install/franka_msgs/include/franka_msgs/franka_msgs/action/detail/move__rosidl_typesupport_introspection_cpp.hpp
[12.550s] -- Installing: /home/bibek/Summer_Research/multipanda_ros2/install/franka_msgs/include/franka_msgs/franka_msgs/action/detail/grasp__type_support.cpp
[12.550s] -- Installing: /home/bibek/Summer_Research/multipanda_ros2/install/franka_msgs/include/franka_msgs/franka_msgs/action/detail/homing__rosidl_typesupport_introspection_cpp.hpp
[12.550s] -- Installing: /home/bibek/Summer_Research/multipanda_ros2/install/franka_msgs/include/franka_msgs/franka_msgs/action/detail/homing__type_support.cpp
[12.550s] -- Installing: /home/bibek/Summer_Research/multipanda_ros2/install/franka_msgs/include/franka_msgs/franka_msgs/action/detail/move__type_support.cpp
[12.550s] -- Installing: /home/bibek/Summer_Research/multipanda_ros2/install/franka_msgs/include/franka_msgs/franka_msgs/action/detail/grasp__rosidl_typesupport_introspection_cpp.hpp
[12.551s] -- Up-to-date: /home/bibek/Summer_Research/multipanda_ros2/install/franka_msgs/include/franka_msgs/franka_msgs/msg
[12.551s] -- Up-to-date: /home/bibek/Summer_Research/multipanda_ros2/install/franka_msgs/include/franka_msgs/franka_msgs/msg/detail
[12.551s] -- Installing: /home/bibek/Summer_Research/multipanda_ros2/install/franka_msgs/include/franka_msgs/franka_msgs/msg/detail/franka_model__type_support.cpp
[12.551s] -- Installing: /home/bibek/Summer_Research/multipanda_ros2/install/franka_msgs/include/franka_msgs/franka_msgs/msg/detail/errors__type_support.cpp
[12.551s] -- Installing: /home/bibek/Summer_Research/multipanda_ros2/install/franka_msgs/include/franka_msgs/franka_msgs/msg/detail/pose_stamped_array__type_support.cpp
[12.551s] -- Installing: /home/bibek/Summer_Research/multipanda_ros2/install/franka_msgs/include/franka_msgs/franka_msgs/msg/detail/franka_model__rosidl_typesupport_introspection_cpp.hpp
[12.551s] -- Installing: /home/bibek/Summer_Research/multipanda_ros2/install/franka_msgs/include/franka_msgs/franka_msgs/msg/detail/franka_state__type_support.cpp
[12.551s] -- Installing: /home/bibek/Summer_Research/multipanda_ros2/install/franka_msgs/include/franka_msgs/franka_msgs/msg/detail/grasp_epsilon__type_support.cpp
[12.551s] -- Installing: /home/bibek/Summer_Research/multipanda_ros2/install/franka_msgs/include/franka_msgs/franka_msgs/msg/detail/pose_stamped_array__rosidl_typesupport_introspection_cpp.hpp
[12.551s] -- Installing: /home/bibek/Summer_Research/multipanda_ros2/install/franka_msgs/include/franka_msgs/franka_msgs/msg/detail/grasp_epsilon__rosidl_typesupport_introspection_cpp.hpp
[12.551s] -- Installing: /home/bibek/Summer_Research/multipanda_ros2/install/franka_msgs/include/franka_msgs/franka_msgs/msg/detail/franka_state__rosidl_typesupport_introspection_cpp.hpp
[12.551s] -- Installing: /home/bibek/Summer_Research/multipanda_ros2/install/franka_msgs/include/franka_msgs/franka_msgs/msg/detail/errors__rosidl_typesupport_introspection_cpp.hpp
[12.552s] -- Up-to-date: /home/bibek/Summer_Research/multipanda_ros2/install/franka_msgs/include/franka_msgs/franka_msgs/srv
[12.552s] -- Up-to-date: /home/bibek/Summer_Research/multipanda_ros2/install/franka_msgs/include/franka_msgs/franka_msgs/srv/detail
[12.552s] -- Installing: /home/bibek/Summer_Research/multipanda_ros2/install/franka_msgs/include/franka_msgs/franka_msgs/srv/detail/set_full_collision_behavior__rosidl_typesupport_introspection_cpp.hpp
[12.552s] -- Installing: /home/bibek/Summer_Research/multipanda_ros2/install/franka_msgs/include/franka_msgs/franka_msgs/srv/detail/set_tcp_frame__rosidl_typesupport_introspection_cpp.hpp
[12.552s] -- Installing: /home/bibek/Summer_Research/multipanda_ros2/install/franka_msgs/include/franka_msgs/franka_msgs/srv/detail/set_full_collision_behavior__type_support.cpp
[12.552s] -- Installing: /home/bibek/Summer_Research/multipanda_ros2/install/franka_msgs/include/franka_msgs/franka_msgs/srv/detail/set_mujoco_poses__type_support.cpp
[12.552s] -- Installing: /home/bibek/Summer_Research/multipanda_ros2/install/franka_msgs/include/franka_msgs/franka_msgs/srv/detail/set_load__type_support.cpp
[12.552s] -- Installing: /home/bibek/Summer_Research/multipanda_ros2/install/franka_msgs/include/franka_msgs/franka_msgs/srv/detail/set_force_torque_collision_behavior__rosidl_typesupport_introspection_cpp.hpp
[12.552s] -- Installing: /home/bibek/Summer_Research/multipanda_ros2/install/franka_msgs/include/franka_msgs/franka_msgs/srv/detail/set_tcp_frame__type_support.cpp
[12.552s] -- Installing: /home/bibek/Summer_Research/multipanda_ros2/install/franka_msgs/include/franka_msgs/franka_msgs/srv/detail/set_force_torque_collision_behavior__type_support.cpp
[12.552s] -- Installing: /home/bibek/Summer_Research/multipanda_ros2/install/franka_msgs/include/franka_msgs/franka_msgs/srv/detail/error_recovery__rosidl_typesupport_introspection_cpp.hpp
[12.552s] -- Installing: /home/bibek/Summer_Research/multipanda_ros2/install/franka_msgs/include/franka_msgs/franka_msgs/srv/detail/set_cartesian_stiffness__rosidl_typesupport_introspection_cpp.hpp
[12.553s] -- Installing: /home/bibek/Summer_Research/multipanda_ros2/install/franka_msgs/include/franka_msgs/franka_msgs/srv/detail/set_joint_stiffness__type_support.cpp
[12.553s] -- Installing: /home/bibek/Summer_Research/multipanda_ros2/install/franka_msgs/include/franka_msgs/franka_msgs/srv/detail/error_recovery__type_support.cpp
[12.553s] -- Installing: /home/bibek/Summer_Research/multipanda_ros2/install/franka_msgs/include/franka_msgs/franka_msgs/srv/detail/set_mujoco_poses__rosidl_typesupport_introspection_cpp.hpp
[12.553s] -- Installing: /home/bibek/Summer_Research/multipanda_ros2/install/franka_msgs/include/franka_msgs/franka_msgs/srv/detail/set_stiffness_frame__type_support.cpp
[12.553s] -- Installing: /home/bibek/Summer_Research/multipanda_ros2/install/franka_msgs/include/franka_msgs/franka_msgs/srv/detail/set_stiffness_frame__rosidl_typesupport_introspection_cpp.hpp
[12.553s] -- Installing: /home/bibek/Summer_Research/multipanda_ros2/install/franka_msgs/include/franka_msgs/franka_msgs/srv/detail/set_cartesian_stiffness__type_support.cpp
[12.553s] -- Installing: /home/bibek/Summer_Research/multipanda_ros2/install/franka_msgs/include/franka_msgs/franka_msgs/srv/detail/set_joint_stiffness__rosidl_typesupport_introspection_cpp.hpp
[12.553s] -- Installing: /home/bibek/Summer_Research/multipanda_ros2/install/franka_msgs/include/franka_msgs/franka_msgs/srv/detail/set_load__rosidl_typesupport_introspection_cpp.hpp
[12.553s] -- Installing: /home/bibek/Summer_Research/multipanda_ros2/install/franka_msgs/lib/libfranka_msgs__rosidl_typesupport_introspection_cpp.so
[12.553s] -- Set runtime path of "/home/bibek/Summer_Research/multipanda_ros2/install/franka_msgs/lib/libfranka_msgs__rosidl_typesupport_introspection_cpp.so" to ""
[12.553s] -- Installing: /home/bibek/Summer_Research/multipanda_ros2/install/franka_msgs/lib/libfranka_msgs__rosidl_typesupport_cpp.so
[12.554s] -- Set runtime path of "/home/bibek/Summer_Research/multipanda_ros2/install/franka_msgs/lib/libfranka_msgs__rosidl_typesupport_cpp.so" to ""
[12.554s] -- Installing: /home/bibek/Summer_Research/multipanda_ros2/install/franka_msgs/share/franka_msgs/environment/pythonpath.sh
[12.554s] -- Installing: /home/bibek/Summer_Research/multipanda_ros2/install/franka_msgs/share/franka_msgs/environment/pythonpath.dsv
[12.554s] -- Installing: /home/bibek/Summer_Research/multipanda_ros2/install/franka_msgs/local/lib/python3.10/dist-packages/franka_msgs-0.0.0-py3.10.egg-info
[12.554s] -- Installing: /home/bibek/Summer_Research/multipanda_ros2/install/franka_msgs/local/lib/python3.10/dist-packages/franka_msgs-0.0.0-py3.10.egg-info/SOURCES.txt
[12.554s] -- Installing: /home/bibek/Summer_Research/multipanda_ros2/install/franka_msgs/local/lib/python3.10/dist-packages/franka_msgs-0.0.0-py3.10.egg-info/PKG-INFO
[12.554s] -- Installing: /home/bibek/Summer_Research/multipanda_ros2/install/franka_msgs/local/lib/python3.10/dist-packages/franka_msgs-0.0.0-py3.10.egg-info/top_level.txt
[12.554s] -- Installing: /home/bibek/Summer_Research/multipanda_ros2/install/franka_msgs/local/lib/python3.10/dist-packages/franka_msgs-0.0.0-py3.10.egg-info/dependency_links.txt
[12.554s] -- Installing: /home/bibek/Summer_Research/multipanda_ros2/install/franka_msgs/local/lib/python3.10/dist-packages/franka_msgs
[12.554s] -- Installing: /home/bibek/Summer_Research/multipanda_ros2/install/franka_msgs/local/lib/python3.10/dist-packages/franka_msgs/libfranka_msgs__rosidl_generator_py.so
[12.554s] -- Installing: /home/bibek/Summer_Research/multipanda_ros2/install/franka_msgs/local/lib/python3.10/dist-packages/franka_msgs/__init__.py
[12.554s] -- Installing: /home/bibek/Summer_Research/multipanda_ros2/install/franka_msgs/local/lib/python3.10/dist-packages/franka_msgs/franka_msgs_s__rosidl_typesupport_fastrtps_c.cpython-310-x86_64-linux-gnu.so
[12.555s] -- Installing: /home/bibek/Summer_Research/multipanda_ros2/install/franka_msgs/local/lib/python3.10/dist-packages/franka_msgs/action
[12.555s] -- Installing: /home/bibek/Summer_Research/multipanda_ros2/install/franka_msgs/local/lib/python3.10/dist-packages/franka_msgs/action/_homing.py
[12.555s] -- Installing: /home/bibek/Summer_Research/multipanda_ros2/install/franka_msgs/local/lib/python3.10/dist-packages/franka_msgs/action/__init__.py
[12.555s] -- Installing: /home/bibek/Summer_Research/multipanda_ros2/install/franka_msgs/local/lib/python3.10/dist-packages/franka_msgs/action/_move.py
[12.555s] -- Installing: /home/bibek/Summer_Research/multipanda_ros2/install/franka_msgs/local/lib/python3.10/dist-packages/franka_msgs/action/_homing_s.c
[12.555s] -- Installing: /home/bibek/Summer_Research/multipanda_ros2/install/franka_msgs/local/lib/python3.10/dist-packages/franka_msgs/action/_grasp_s.c
[12.555s] -- Installing: /home/bibek/Summer_Research/multipanda_ros2/install/franka_msgs/local/lib/python3.10/dist-packages/franka_msgs/action/_grasp.py
[12.555s] -- Installing: /home/bibek/Summer_Research/multipanda_ros2/install/franka_msgs/local/lib/python3.10/dist-packages/franka_msgs/action/_move_s.c
[12.555s] -- Installing: /home/bibek/Summer_Research/multipanda_ros2/install/franka_msgs/local/lib/python3.10/dist-packages/franka_msgs/msg
[12.555s] -- Installing: /home/bibek/Summer_Research/multipanda_ros2/install/franka_msgs/local/lib/python3.10/dist-packages/franka_msgs/msg/__init__.py
[12.555s] -- Installing: /home/bibek/Summer_Research/multipanda_ros2/install/franka_msgs/local/lib/python3.10/dist-packages/franka_msgs/msg/_grasp_epsilon.py
[12.555s] -- Installing: /home/bibek/Summer_Research/multipanda_ros2/install/franka_msgs/local/lib/python3.10/dist-packages/franka_msgs/msg/_franka_state.py
[12.556s] -- Installing: /home/bibek/Summer_Research/multipanda_ros2/install/franka_msgs/local/lib/python3.10/dist-packages/franka_msgs/msg/_franka_model_s.c
[12.556s] -- Installing: /home/bibek/Summer_Research/multipanda_ros2/install/franka_msgs/local/lib/python3.10/dist-packages/franka_msgs/msg/_pose_stamped_array_s.c
[12.556s] -- Installing: /home/bibek/Summer_Research/multipanda_ros2/install/franka_msgs/local/lib/python3.10/dist-packages/franka_msgs/msg/_errors.py
[12.556s] -- Installing: /home/bibek/Summer_Research/multipanda_ros2/install/franka_msgs/local/lib/python3.10/dist-packages/franka_msgs/msg/_errors_s.c
[12.556s] -- Installing: /home/bibek/Summer_Research/multipanda_ros2/install/franka_msgs/local/lib/python3.10/dist-packages/franka_msgs/msg/_grasp_epsilon_s.c
[12.556s] -- Installing: /home/bibek/Summer_Research/multipanda_ros2/install/franka_msgs/local/lib/python3.10/dist-packages/franka_msgs/msg/_franka_state_s.c
[12.556s] -- Installing: /home/bibek/Summer_Research/multipanda_ros2/install/franka_msgs/local/lib/python3.10/dist-packages/franka_msgs/msg/_franka_model.py
[12.556s] -- Installing: /home/bibek/Summer_Research/multipanda_ros2/install/franka_msgs/local/lib/python3.10/dist-packages/franka_msgs/msg/_pose_stamped_array.py
[12.556s] -- Installing: /home/bibek/Summer_Research/multipanda_ros2/install/franka_msgs/local/lib/python3.10/dist-packages/franka_msgs/srv
[12.556s] -- Installing: /home/bibek/Summer_Research/multipanda_ros2/install/franka_msgs/local/lib/python3.10/dist-packages/franka_msgs/srv/_set_force_torque_collision_behavior.py
[12.557s] -- Installing: /home/bibek/Summer_Research/multipanda_ros2/install/franka_msgs/local/lib/python3.10/dist-packages/franka_msgs/srv/_set_stiffness_frame_s.c
[12.557s] -- Installing: /home/bibek/Summer_Research/multipanda_ros2/install/franka_msgs/local/lib/python3.10/dist-packages/franka_msgs/srv/_set_cartesian_stiffness_s.c
[12.557s] -- Installing: /home/bibek/Summer_Research/multipanda_ros2/install/franka_msgs/local/lib/python3.10/dist-packages/franka_msgs/srv/__init__.py
[12.557s] -- Installing: /home/bibek/Summer_Research/multipanda_ros2/install/franka_msgs/local/lib/python3.10/dist-packages/franka_msgs/srv/_error_recovery_s.c
[12.557s] -- Installing: /home/bibek/Summer_Research/multipanda_ros2/install/franka_msgs/local/lib/python3.10/dist-packages/franka_msgs/srv/_set_full_collision_behavior_s.c
[12.557s] -- Installing: /home/bibek/Summer_Research/multipanda_ros2/install/franka_msgs/local/lib/python3.10/dist-packages/franka_msgs/srv/_set_tcp_frame_s.c
[12.557s] -- Installing: /home/bibek/Summer_Research/multipanda_ros2/install/franka_msgs/local/lib/python3.10/dist-packages/franka_msgs/srv/_set_tcp_frame.py
[12.557s] -- Installing: /home/bibek/Summer_Research/multipanda_ros2/install/franka_msgs/local/lib/python3.10/dist-packages/franka_msgs/srv/_set_mujoco_poses_s.c
[12.557s] -- Installing: /home/bibek/Summer_Research/multipanda_ros2/install/franka_msgs/local/lib/python3.10/dist-packages/franka_msgs/srv/_set_stiffness_frame.py
[12.557s] -- Installing: /home/bibek/Summer_Research/multipanda_ros2/install/franka_msgs/local/lib/python3.10/dist-packages/franka_msgs/srv/_set_cartesian_stiffness.py
[12.557s] -- Installing: /home/bibek/Summer_Research/multipanda_ros2/install/franka_msgs/local/lib/python3.10/dist-packages/franka_msgs/srv/_set_load.py
[12.557s] -- Installing: /home/bibek/Summer_Research/multipanda_ros2/install/franka_msgs/local/lib/python3.10/dist-packages/franka_msgs/srv/_set_joint_stiffness.py
[12.557s] -- Installing: /home/bibek/Summer_Research/multipanda_ros2/install/franka_msgs/local/lib/python3.10/dist-packages/franka_msgs/srv/_set_load_s.c
[12.557s] -- Installing: /home/bibek/Summer_Research/multipanda_ros2/install/franka_msgs/local/lib/python3.10/dist-packages/franka_msgs/srv/_set_full_collision_behavior.py
[12.558s] -- Installing: /home/bibek/Summer_Research/multipanda_ros2/install/franka_msgs/local/lib/python3.10/dist-packages/franka_msgs/srv/_set_force_torque_collision_behavior_s.c
[12.558s] -- Installing: /home/bibek/Summer_Research/multipanda_ros2/install/franka_msgs/local/lib/python3.10/dist-packages/franka_msgs/srv/_error_recovery.py
[12.558s] -- Installing: /home/bibek/Summer_Research/multipanda_ros2/install/franka_msgs/local/lib/python3.10/dist-packages/franka_msgs/srv/_set_mujoco_poses.py
[12.558s] -- Installing: /home/bibek/Summer_Research/multipanda_ros2/install/franka_msgs/local/lib/python3.10/dist-packages/franka_msgs/srv/_set_joint_stiffness_s.c
[12.558s] -- Installing: /home/bibek/Summer_Research/multipanda_ros2/install/franka_msgs/local/lib/python3.10/dist-packages/franka_msgs/franka_msgs_s__rosidl_typesupport_introspection_c.cpython-310-x86_64-linux-gnu.so
[12.558s] -- Installing: /home/bibek/Summer_Research/multipanda_ros2/install/franka_msgs/local/lib/python3.10/dist-packages/franka_msgs/_franka_msgs_s.ep.rosidl_typesupport_c.c
[12.558s] -- Installing: /home/bibek/Summer_Research/multipanda_ros2/install/franka_msgs/local/lib/python3.10/dist-packages/franka_msgs/_franka_msgs_s.ep.rosidl_typesupport_fastrtps_c.c
[12.558s] -- Installing: /home/bibek/Summer_Research/multipanda_ros2/install/franka_msgs/local/lib/python3.10/dist-packages/franka_msgs/franka_msgs_s__rosidl_typesupport_c.cpython-310-x86_64-linux-gnu.so
[12.558s] -- Installing: /home/bibek/Summer_Research/multipanda_ros2/install/franka_msgs/local/lib/python3.10/dist-packages/franka_msgs/_franka_msgs_s.ep.rosidl_typesupport_introspection_c.c
[12.623s] Listing '/home/bibek/Summer_Research/multipanda_ros2/install/franka_msgs/local/lib/python3.10/dist-packages/franka_msgs'...
[12.623s] Compiling '/home/bibek/Summer_Research/multipanda_ros2/install/franka_msgs/local/lib/python3.10/dist-packages/franka_msgs/__init__.py'...
[12.623s] Listing '/home/bibek/Summer_Research/multipanda_ros2/install/franka_msgs/local/lib/python3.10/dist-packages/franka_msgs/action'...
[12.623s] Compiling '/home/bibek/Summer_Research/multipanda_ros2/install/franka_msgs/local/lib/python3.10/dist-packages/franka_msgs/action/__init__.py'...
[12.623s] Compiling '/home/bibek/Summer_Research/multipanda_ros2/install/franka_msgs/local/lib/python3.10/dist-packages/franka_msgs/action/_grasp.py'...
[12.624s] Compiling '/home/bibek/Summer_Research/multipanda_ros2/install/franka_msgs/local/lib/python3.10/dist-packages/franka_msgs/action/_homing.py'...
[12.624s] Compiling '/home/bibek/Summer_Research/multipanda_ros2/install/franka_msgs/local/lib/python3.10/dist-packages/franka_msgs/action/_move.py'...
[12.624s] Listing '/home/bibek/Summer_Research/multipanda_ros2/install/franka_msgs/local/lib/python3.10/dist-packages/franka_msgs/msg'...
[12.624s] Compiling '/home/bibek/Summer_Research/multipanda_ros2/install/franka_msgs/local/lib/python3.10/dist-packages/franka_msgs/msg/__init__.py'...
[12.624s] Compiling '/home/bibek/Summer_Research/multipanda_ros2/install/franka_msgs/local/lib/python3.10/dist-packages/franka_msgs/msg/_errors.py'...
[12.624s] Compiling '/home/bibek/Summer_Research/multipanda_ros2/install/franka_msgs/local/lib/python3.10/dist-packages/franka_msgs/msg/_franka_model.py'...
[12.624s] Compiling '/home/bibek/Summer_Research/multipanda_ros2/install/franka_msgs/local/lib/python3.10/dist-packages/franka_msgs/msg/_franka_state.py'...
[12.624s] Compiling '/home/bibek/Summer_Research/multipanda_ros2/install/franka_msgs/local/lib/python3.10/dist-packages/franka_msgs/msg/_grasp_epsilon.py'...
[12.624s] Compiling '/home/bibek/Summer_Research/multipanda_ros2/install/franka_msgs/local/lib/python3.10/dist-packages/franka_msgs/msg/_pose_stamped_array.py'...
[12.624s] Listing '/home/bibek/Summer_Research/multipanda_ros2/install/franka_msgs/local/lib/python3.10/dist-packages/franka_msgs/srv'...
[12.624s] Compiling '/home/bibek/Summer_Research/multipanda_ros2/install/franka_msgs/local/lib/python3.10/dist-packages/franka_msgs/srv/__init__.py'...
[12.624s] Compiling '/home/bibek/Summer_Research/multipanda_ros2/install/franka_msgs/local/lib/python3.10/dist-packages/franka_msgs/srv/_error_recovery.py'...
[12.624s] Compiling '/home/bibek/Summer_Research/multipanda_ros2/install/franka_msgs/local/lib/python3.10/dist-packages/franka_msgs/srv/_set_cartesian_stiffness.py'...
[12.624s] Compiling '/home/bibek/Summer_Research/multipanda_ros2/install/franka_msgs/local/lib/python3.10/dist-packages/franka_msgs/srv/_set_force_torque_collision_behavior.py'...
[12.625s] Compiling '/home/bibek/Summer_Research/multipanda_ros2/install/franka_msgs/local/lib/python3.10/dist-packages/franka_msgs/srv/_set_full_collision_behavior.py'...
[12.625s] Compiling '/home/bibek/Summer_Research/multipanda_ros2/install/franka_msgs/local/lib/python3.10/dist-packages/franka_msgs/srv/_set_joint_stiffness.py'...
[12.625s] Compiling '/home/bibek/Summer_Research/multipanda_ros2/install/franka_msgs/local/lib/python3.10/dist-packages/franka_msgs/srv/_set_load.py'...
[12.625s] Compiling '/home/bibek/Summer_Research/multipanda_ros2/install/franka_msgs/local/lib/python3.10/dist-packages/franka_msgs/srv/_set_mujoco_poses.py'...
[12.625s] Compiling '/home/bibek/Summer_Research/multipanda_ros2/install/franka_msgs/local/lib/python3.10/dist-packages/franka_msgs/srv/_set_stiffness_frame.py'...
[12.625s] Compiling '/home/bibek/Summer_Research/multipanda_ros2/install/franka_msgs/local/lib/python3.10/dist-packages/franka_msgs/srv/_set_tcp_frame.py'...
[12.627s] -- Installing: /home/bibek/Summer_Research/multipanda_ros2/install/franka_msgs/local/lib/python3.10/dist-packages/franka_msgs/franka_msgs_s__rosidl_typesupport_fastrtps_c.cpython-310-x86_64-linux-gnu.so
[12.628s] -- Set runtime path of "/home/bibek/Summer_Research/multipanda_ros2/install/franka_msgs/local/lib/python3.10/dist-packages/franka_msgs/franka_msgs_s__rosidl_typesupport_fastrtps_c.cpython-310-x86_64-linux-gnu.so" to ""
[12.628s] -- Installing: /home/bibek/Summer_Research/multipanda_ros2/install/franka_msgs/local/lib/python3.10/dist-packages/franka_msgs/franka_msgs_s__rosidl_typesupport_introspection_c.cpython-310-x86_64-linux-gnu.so
[12.628s] -- Set runtime path of "/home/bibek/Summer_Research/multipanda_ros2/install/franka_msgs/local/lib/python3.10/dist-packages/franka_msgs/franka_msgs_s__rosidl_typesupport_introspection_c.cpython-310-x86_64-linux-gnu.so" to ""
[12.629s] -- Installing: /home/bibek/Summer_Research/multipanda_ros2/install/franka_msgs/local/lib/python3.10/dist-packages/franka_msgs/franka_msgs_s__rosidl_typesupport_c.cpython-310-x86_64-linux-gnu.so
[12.629s] -- Set runtime path of "/home/bibek/Summer_Research/multipanda_ros2/install/franka_msgs/local/lib/python3.10/dist-packages/franka_msgs/franka_msgs_s__rosidl_typesupport_c.cpython-310-x86_64-linux-gnu.so" to ""
[12.630s] -- Installing: /home/bibek/Summer_Research/multipanda_ros2/install/franka_msgs/lib/libfranka_msgs__rosidl_generator_py.so
[12.630s] -- Set runtime path of "/home/bibek/Summer_Research/multipanda_ros2/install/franka_msgs/lib/libfranka_msgs__rosidl_generator_py.so" to ""
[12.630s] -- Installing: /home/bibek/Summer_Research/multipanda_ros2/install/franka_msgs/share/franka_msgs/action/Grasp.idl
[12.630s] -- Installing: /home/bibek/Summer_Research/multipanda_ros2/install/franka_msgs/share/franka_msgs/action/Homing.idl
[12.630s] -- Installing: /home/bibek/Summer_Research/multipanda_ros2/install/franka_msgs/share/franka_msgs/action/Move.idl
[12.631s] -- Installing: /home/bibek/Summer_Research/multipanda_ros2/install/franka_msgs/share/franka_msgs/srv/ErrorRecovery.idl
[12.631s] -- Installing: /home/bibek/Summer_Research/multipanda_ros2/install/franka_msgs/share/franka_msgs/srv/SetCartesianStiffness.idl
[12.631s] -- Installing: /home/bibek/Summer_Research/multipanda_ros2/install/franka_msgs/share/franka_msgs/srv/SetTCPFrame.idl
[12.631s] -- Installing: /home/bibek/Summer_Research/multipanda_ros2/install/franka_msgs/share/franka_msgs/srv/SetForceTorqueCollisionBehavior.idl
[12.631s] -- Installing: /home/bibek/Summer_Research/multipanda_ros2/install/franka_msgs/share/franka_msgs/srv/SetFullCollisionBehavior.idl
[12.632s] -- Installing: /home/bibek/Summer_Research/multipanda_ros2/install/franka_msgs/share/franka_msgs/srv/SetJointStiffness.idl
[12.632s] -- Installing: /home/bibek/Summer_Research/multipanda_ros2/install/franka_msgs/share/franka_msgs/srv/SetStiffnessFrame.idl
[12.632s] -- Installing: /home/bibek/Summer_Research/multipanda_ros2/install/franka_msgs/share/franka_msgs/srv/SetLoad.idl
[12.632s] -- Installing: /home/bibek/Summer_Research/multipanda_ros2/install/franka_msgs/share/franka_msgs/srv/SetMujocoPoses.idl
[12.632s] -- Installing: /home/bibek/Summer_Research/multipanda_ros2/install/franka_msgs/share/franka_msgs/msg/GraspEpsilon.idl
[12.633s] -- Installing: /home/bibek/Summer_Research/multipanda_ros2/install/franka_msgs/share/franka_msgs/msg/FrankaState.idl
[12.633s] -- Installing: /home/bibek/Summer_Research/multipanda_ros2/install/franka_msgs/share/franka_msgs/msg/FrankaModel.idl
[12.633s] -- Installing: /home/bibek/Summer_Research/multipanda_ros2/install/franka_msgs/share/franka_msgs/msg/Errors.idl
[12.633s] -- Installing: /home/bibek/Summer_Research/multipanda_ros2/install/franka_msgs/share/franka_msgs/msg/PoseStampedArray.idl
[12.633s] -- Installing: /home/bibek/Summer_Research/multipanda_ros2/install/franka_msgs/share/franka_msgs/action/Grasp.action
[12.633s] -- Installing: /home/bibek/Summer_Research/multipanda_ros2/install/franka_msgs/share/franka_msgs/action/Homing.action
[12.634s] -- Installing: /home/bibek/Summer_Research/multipanda_ros2/install/franka_msgs/share/franka_msgs/action/Move.action
[12.634s] -- Installing: /home/bibek/Summer_Research/multipanda_ros2/install/franka_msgs/share/franka_msgs/srv/ErrorRecovery.srv
[12.634s] -- Installing: /home/bibek/Summer_Research/multipanda_ros2/install/franka_msgs/share/franka_msgs/srv/ErrorRecovery_Request.msg
[12.634s] -- Installing: /home/bibek/Summer_Research/multipanda_ros2/install/franka_msgs/share/franka_msgs/srv/ErrorRecovery_Response.msg
[12.635s] -- Installing: /home/bibek/Summer_Research/multipanda_ros2/install/franka_msgs/share/franka_msgs/srv/SetCartesianStiffness.srv
[12.635s] -- Installing: /home/bibek/Summer_Research/multipanda_ros2/install/franka_msgs/share/franka_msgs/srv/SetCartesianStiffness_Request.msg
[12.635s] -- Installing: /home/bibek/Summer_Research/multipanda_ros2/install/franka_msgs/share/franka_msgs/srv/SetCartesianStiffness_Response.msg
[12.635s] -- Installing: /home/bibek/Summer_Research/multipanda_ros2/install/franka_msgs/share/franka_msgs/srv/SetTCPFrame.srv
[12.635s] -- Installing: /home/bibek/Summer_Research/multipanda_ros2/install/franka_msgs/share/franka_msgs/srv/SetTCPFrame_Request.msg
[12.636s] -- Installing: /home/bibek/Summer_Research/multipanda_ros2/install/franka_msgs/share/franka_msgs/srv/SetTCPFrame_Response.msg
[12.636s] -- Installing: /home/bibek/Summer_Research/multipanda_ros2/install/franka_msgs/share/franka_msgs/srv/SetForceTorqueCollisionBehavior.srv
[12.636s] -- Installing: /home/bibek/Summer_Research/multipanda_ros2/install/franka_msgs/share/franka_msgs/srv/SetForceTorqueCollisionBehavior_Request.msg
[12.636s] -- Installing: /home/bibek/Summer_Research/multipanda_ros2/install/franka_msgs/share/franka_msgs/srv/SetForceTorqueCollisionBehavior_Response.msg
[12.637s] -- Installing: /home/bibek/Summer_Research/multipanda_ros2/install/franka_msgs/share/franka_msgs/srv/SetFullCollisionBehavior.srv
[12.637s] -- Installing: /home/bibek/Summer_Research/multipanda_ros2/install/franka_msgs/share/franka_msgs/srv/SetFullCollisionBehavior_Request.msg
[12.637s] -- Installing: /home/bibek/Summer_Research/multipanda_ros2/install/franka_msgs/share/franka_msgs/srv/SetFullCollisionBehavior_Response.msg
[12.637s] -- Installing: /home/bibek/Summer_Research/multipanda_ros2/install/franka_msgs/share/franka_msgs/srv/SetJointStiffness.srv
[12.637s] -- Installing: /home/bibek/Summer_Research/multipanda_ros2/install/franka_msgs/share/franka_msgs/srv/SetJointStiffness_Request.msg
[12.638s] -- Installing: /home/bibek/Summer_Research/multipanda_ros2/install/franka_msgs/share/franka_msgs/srv/SetJointStiffness_Response.msg
[12.638s] -- Installing: /home/bibek/Summer_Research/multipanda_ros2/install/franka_msgs/share/franka_msgs/srv/SetStiffnessFrame.srv
[12.638s] -- Installing: /home/bibek/Summer_Research/multipanda_ros2/install/franka_msgs/share/franka_msgs/srv/SetStiffnessFrame_Request.msg
[12.638s] -- Installing: /home/bibek/Summer_Research/multipanda_ros2/install/franka_msgs/share/franka_msgs/srv/SetStiffnessFrame_Response.msg
[12.639s] -- Installing: /home/bibek/Summer_Research/multipanda_ros2/install/franka_msgs/share/franka_msgs/srv/SetLoad.srv
[12.639s] -- Installing: /home/bibek/Summer_Research/multipanda_ros2/install/franka_msgs/share/franka_msgs/srv/SetLoad_Request.msg
[12.639s] -- Installing: /home/bibek/Summer_Research/multipanda_ros2/install/franka_msgs/share/franka_msgs/srv/SetLoad_Response.msg
[12.639s] -- Installing: /home/bibek/Summer_Research/multipanda_ros2/install/franka_msgs/share/franka_msgs/srv/SetMujocoPoses.srv
[12.639s] -- Installing: /home/bibek/Summer_Research/multipanda_ros2/install/franka_msgs/share/franka_msgs/srv/SetMujocoPoses_Request.msg
[12.640s] -- Installing: /home/bibek/Summer_Research/multipanda_ros2/install/franka_msgs/share/franka_msgs/srv/SetMujocoPoses_Response.msg
[12.640s] -- Installing: /home/bibek/Summer_Research/multipanda_ros2/install/franka_msgs/share/franka_msgs/msg/GraspEpsilon.msg
[12.640s] -- Installing: /home/bibek/Summer_Research/multipanda_ros2/install/franka_msgs/share/franka_msgs/msg/FrankaState.msg
[12.640s] -- Installing: /home/bibek/Summer_Research/multipanda_ros2/install/franka_msgs/share/franka_msgs/msg/FrankaModel.msg
[12.640s] -- Installing: /home/bibek/Summer_Research/multipanda_ros2/install/franka_msgs/share/franka_msgs/msg/Errors.msg
[12.641s] -- Installing: /home/bibek/Summer_Research/multipanda_ros2/install/franka_msgs/share/franka_msgs/msg/PoseStampedArray.msg
[12.641s] -- Installing: /home/bibek/Summer_Research/multipanda_ros2/install/franka_msgs/share/ament_index/resource_index/package_run_dependencies/franka_msgs
[12.641s] -- Installing: /home/bibek/Summer_Research/multipanda_ros2/install/franka_msgs/share/ament_index/resource_index/parent_prefix_path/franka_msgs
[12.641s] -- Installing: /home/bibek/Summer_Research/multipanda_ros2/install/franka_msgs/share/franka_msgs/environment/ament_prefix_path.sh
[12.642s] -- Installing: /home/bibek/Summer_Research/multipanda_ros2/install/franka_msgs/share/franka_msgs/environment/ament_prefix_path.dsv
[12.642s] -- Installing: /home/bibek/Summer_Research/multipanda_ros2/install/franka_msgs/share/franka_msgs/environment/path.sh
[12.642s] -- Installing: /home/bibek/Summer_Research/multipanda_ros2/install/franka_msgs/share/franka_msgs/environment/path.dsv
[12.642s] -- Installing: /home/bibek/Summer_Research/multipanda_ros2/install/franka_msgs/share/franka_msgs/local_setup.bash
[12.643s] -- Installing: /home/bibek/Summer_Research/multipanda_ros2/install/franka_msgs/share/franka_msgs/local_setup.sh
[12.643s] -- Installing: /home/bibek/Summer_Research/multipanda_ros2/install/franka_msgs/share/franka_msgs/local_setup.zsh
[12.643s] -- Installing: /home/bibek/Summer_Research/multipanda_ros2/install/franka_msgs/share/franka_msgs/local_setup.dsv
[12.643s] -- Installing: /home/bibek/Summer_Research/multipanda_ros2/install/franka_msgs/share/franka_msgs/package.dsv
[12.644s] -- Installing: /home/bibek/Summer_Research/multipanda_ros2/install/franka_msgs/share/ament_index/resource_index/packages/franka_msgs
[12.644s] -- Installing: /home/bibek/Summer_Research/multipanda_ros2/install/franka_msgs/share/franka_msgs/cmake/export_franka_msgs__rosidl_generator_cExport.cmake
[12.644s] -- Installing: /home/bibek/Summer_Research/multipanda_ros2/install/franka_msgs/share/franka_msgs/cmake/export_franka_msgs__rosidl_generator_cExport-release.cmake
[12.644s] -- Installing: /home/bibek/Summer_Research/multipanda_ros2/install/franka_msgs/share/franka_msgs/cmake/export_franka_msgs__rosidl_typesupport_fastrtps_cExport.cmake
[12.644s] -- Installing: /home/bibek/Summer_Research/multipanda_ros2/install/franka_msgs/share/franka_msgs/cmake/export_franka_msgs__rosidl_typesupport_fastrtps_cExport-release.cmake
[12.644s] -- Installing: /home/bibek/Summer_Research/multipanda_ros2/install/franka_msgs/share/franka_msgs/cmake/franka_msgs__rosidl_typesupport_introspection_cExport.cmake
[12.644s] -- Installing: /home/bibek/Summer_Research/multipanda_ros2/install/franka_msgs/share/franka_msgs/cmake/franka_msgs__rosidl_typesupport_introspection_cExport-release.cmake
[12.644s] -- Installing: /home/bibek/Summer_Research/multipanda_ros2/install/franka_msgs/share/franka_msgs/cmake/franka_msgs__rosidl_typesupport_cExport.cmake
[12.645s] -- Installing: /home/bibek/Summer_Research/multipanda_ros2/install/franka_msgs/share/franka_msgs/cmake/franka_msgs__rosidl_typesupport_cExport-release.cmake
[12.645s] -- Installing: /home/bibek/Summer_Research/multipanda_ros2/install/franka_msgs/share/franka_msgs/cmake/export_franka_msgs__rosidl_generator_cppExport.cmake
[12.645s] -- Installing: /home/bibek/Summer_Research/multipanda_ros2/install/franka_msgs/share/franka_msgs/cmake/export_franka_msgs__rosidl_typesupport_fastrtps_cppExport.cmake
[12.645s] -- Installing: /home/bibek/Summer_Research/multipanda_ros2/install/franka_msgs/share/franka_msgs/cmake/export_franka_msgs__rosidl_typesupport_fastrtps_cppExport-release.cmake
[12.645s] -- Installing: /home/bibek/Summer_Research/multipanda_ros2/install/franka_msgs/share/franka_msgs/cmake/franka_msgs__rosidl_typesupport_introspection_cppExport.cmake
[12.645s] -- Installing: /home/bibek/Summer_Research/multipanda_ros2/install/franka_msgs/share/franka_msgs/cmake/franka_msgs__rosidl_typesupport_introspection_cppExport-release.cmake
[12.645s] -- Installing: /home/bibek/Summer_Research/multipanda_ros2/install/franka_msgs/share/franka_msgs/cmake/franka_msgs__rosidl_typesupport_cppExport.cmake
[12.645s] -- Installing: /home/bibek/Summer_Research/multipanda_ros2/install/franka_msgs/share/franka_msgs/cmake/franka_msgs__rosidl_typesupport_cppExport-release.cmake
[12.646s] -- Installing: /home/bibek/Summer_Research/multipanda_ros2/install/franka_msgs/share/franka_msgs/cmake/export_franka_msgs__rosidl_generator_pyExport.cmake
[12.646s] -- Installing: /home/bibek/Summer_Research/multipanda_ros2/install/franka_msgs/share/franka_msgs/cmake/export_franka_msgs__rosidl_generator_pyExport-release.cmake
[12.646s] -- Installing: /home/bibek/Summer_Research/multipanda_ros2/install/franka_msgs/share/franka_msgs/cmake/rosidl_cmake-extras.cmake
[12.646s] -- Installing: /home/bibek/Summer_Research/multipanda_ros2/install/franka_msgs/share/franka_msgs/cmake/ament_cmake_export_dependencies-extras.cmake
[12.646s] -- Installing: /home/bibek/Summer_Research/multipanda_ros2/install/franka_msgs/share/franka_msgs/cmake/ament_cmake_export_include_directories-extras.cmake
[12.646s] -- Installing: /home/bibek/Summer_Research/multipanda_ros2/install/franka_msgs/share/franka_msgs/cmake/ament_cmake_export_libraries-extras.cmake
[12.646s] -- Installing: /home/bibek/Summer_Research/multipanda_ros2/install/franka_msgs/share/franka_msgs/cmake/ament_cmake_export_targets-extras.cmake
[12.646s] -- Installing: /home/bibek/Summer_Research/multipanda_ros2/install/franka_msgs/share/franka_msgs/cmake/rosidl_cmake_export_typesupport_targets-extras.cmake
[12.647s] -- Installing: /home/bibek/Summer_Research/multipanda_ros2/install/franka_msgs/share/franka_msgs/cmake/rosidl_cmake_export_typesupport_libraries-extras.cmake
[12.647s] -- Installing: /home/bibek/Summer_Research/multipanda_ros2/install/franka_msgs/share/franka_msgs/cmake/franka_msgsConfig.cmake
[12.647s] -- Installing: /home/bibek/Summer_Research/multipanda_ros2/install/franka_msgs/share/franka_msgs/cmake/franka_msgsConfig-version.cmake
[12.647s] -- Installing: /home/bibek/Summer_Research/multipanda_ros2/install/franka_msgs/share/franka_msgs/package.xml
[12.649s] Invoked command in '/home/bibek/Summer_Research/multipanda_ros2/build/franka_msgs' returned '0': CMAKE_PREFIX_PATH=/opt/ros/humble /usr/bin/cmake --install /home/bibek/Summer_Research/multipanda_ros2/build/franka_msgs
