[0.289s] DEBUG:colcon:Command line arguments: ['/usr/bin/colcon', 'build', '--cmake-args', '-DCMAKE_BUILD_TYPE=Release']
[0.289s] DEBUG:colcon:Parsed command line arguments: Namespace(log_base=None, log_level=None, verb_name='build', build_base='build', install_base='install', merge_install=False, symlink_install=False, test_result_base=None, continue_on_error=False, executor='parallel', parallel_workers=16, event_handlers=None, ignore_user_meta=False, metas=['./colcon.meta'], base_paths=['.'], packages_ignore=None, packages_ignore_regex=None, paths=None, packages_up_to=None, packages_up_to_regex=None, packages_above=None, packages_above_and_dependencies=None, packages_above_depth=None, packages_select_by_dep=None, packages_skip_by_dep=None, packages_skip_up_to=None, packages_select_build_failed=False, packages_skip_build_finished=False, packages_select_test_failures=False, packages_skip_test_passed=False, packages_select=None, packages_skip=None, packages_select_regex=None, packages_skip_regex=None, packages_start=None, packages_end=None, allow_overriding=[], cmake_args=['-DCMAKE_BUILD_TYPE=Release'], cmake_target=None, cmake_target_skip_unavailable=False, cmake_clean_cache=False, cmake_clean_first=False, cmake_force_configure=False, ament_cmake_args=None, catkin_cmake_args=None, catkin_skip_building_tests=False, mixin_files=None, mixin=None, verb_parser=<colcon_mixin.mixin.mixin_argument.MixinArgumentDecorator object at 0x7fe9f5cc0310>, verb_extension=<colcon_core.verb.build.BuildVerb object at 0x7fe9f5c83ca0>, main=<bound method BuildVerb.main of <colcon_core.verb.build.BuildVerb object at 0x7fe9f5c83ca0>>, mixin_verb=('build',))
[0.561s] Level 1:colcon.colcon_core.package_discovery:discover_packages(colcon_meta) check parameters
[0.561s] Level 1:colcon.colcon_core.package_discovery:discover_packages(recursive) check parameters
[0.561s] Level 1:colcon.colcon_core.package_discovery:discover_packages(ignore) check parameters
[0.561s] Level 1:colcon.colcon_core.package_discovery:discover_packages(path) check parameters
[0.561s] Level 1:colcon.colcon_core.package_discovery:discover_packages(colcon_meta) discover
[0.561s] Level 1:colcon.colcon_core.package_discovery:discover_packages(recursive) discover
[0.562s] INFO:colcon.colcon_core.package_discovery:Crawling recursively for packages in '/home/bibek/Summer_Research/multipanda_ros2'
[0.562s] Level 1:colcon.colcon_core.package_identification:_identify(.) by extensions ['ignore', 'ignore_ament_install']
[0.562s] Level 1:colcon.colcon_core.package_identification:_identify(.) by extension 'ignore'
[0.562s] Level 1:colcon.colcon_core.package_identification:_identify(.) by extension 'ignore_ament_install'
[0.562s] Level 1:colcon.colcon_core.package_identification:_identify(.) by extensions ['colcon_pkg']
[0.562s] Level 1:colcon.colcon_core.package_identification:_identify(.) by extension 'colcon_pkg'
[0.562s] Level 1:colcon.colcon_core.package_identification:_identify(.) by extensions ['colcon_meta']
[0.562s] Level 1:colcon.colcon_core.package_identification:_identify(.) by extension 'colcon_meta'
[0.563s] Level 1:colcon.colcon_core.package_identification:_identify(.) by extensions ['ros']
[0.563s] Level 1:colcon.colcon_core.package_identification:_identify(.) by extension 'ros'
[0.591s] Level 1:colcon.colcon_core.package_identification:_identify(.) by extensions ['cmake', 'python']
[0.591s] Level 1:colcon.colcon_core.package_identification:_identify(.) by extension 'cmake'
[0.591s] Level 1:colcon.colcon_core.package_identification:_identify(.) by extension 'python'
[0.591s] Level 1:colcon.colcon_core.package_identification:_identify(.) by extensions ['python_setup_py']
[0.591s] Level 1:colcon.colcon_core.package_identification:_identify(.) by extension 'python_setup_py'
[0.592s] Level 1:colcon.colcon_core.package_identification:_identify(build) by extensions ['ignore', 'ignore_ament_install']
[0.592s] Level 1:colcon.colcon_core.package_identification:_identify(build) by extension 'ignore'
[0.592s] Level 1:colcon.colcon_core.package_identification:_identify(build) ignored
[0.593s] Level 1:colcon.colcon_core.package_identification:_identify(docs) by extensions ['ignore', 'ignore_ament_install']
[0.593s] Level 1:colcon.colcon_core.package_identification:_identify(docs) by extension 'ignore'
[0.593s] Level 1:colcon.colcon_core.package_identification:_identify(docs) by extension 'ignore_ament_install'
[0.593s] Level 1:colcon.colcon_core.package_identification:_identify(docs) by extensions ['colcon_pkg']
[0.594s] Level 1:colcon.colcon_core.package_identification:_identify(docs) by extension 'colcon_pkg'
[0.594s] Level 1:colcon.colcon_core.package_identification:_identify(docs) by extensions ['colcon_meta']
[0.594s] Level 1:colcon.colcon_core.package_identification:_identify(docs) by extension 'colcon_meta'
[0.594s] Level 1:colcon.colcon_core.package_identification:_identify(docs) by extensions ['ros']
[0.594s] Level 1:colcon.colcon_core.package_identification:_identify(docs) by extension 'ros'
[0.594s] Level 1:colcon.colcon_core.package_identification:_identify(docs) by extensions ['cmake', 'python']
[0.594s] Level 1:colcon.colcon_core.package_identification:_identify(docs) by extension 'cmake'
[0.594s] Level 1:colcon.colcon_core.package_identification:_identify(docs) by extension 'python'
[0.594s] Level 1:colcon.colcon_core.package_identification:_identify(docs) by extensions ['python_setup_py']
[0.594s] Level 1:colcon.colcon_core.package_identification:_identify(docs) by extension 'python_setup_py'
[0.594s] Level 1:colcon.colcon_core.package_identification:_identify(docs/chapters) by extensions ['ignore', 'ignore_ament_install']
[0.595s] Level 1:colcon.colcon_core.package_identification:_identify(docs/chapters) by extension 'ignore'
[0.595s] Level 1:colcon.colcon_core.package_identification:_identify(docs/chapters) by extension 'ignore_ament_install'
[0.595s] Level 1:colcon.colcon_core.package_identification:_identify(docs/chapters) by extensions ['colcon_pkg']
[0.595s] Level 1:colcon.colcon_core.package_identification:_identify(docs/chapters) by extension 'colcon_pkg'
[0.595s] Level 1:colcon.colcon_core.package_identification:_identify(docs/chapters) by extensions ['colcon_meta']
[0.595s] Level 1:colcon.colcon_core.package_identification:_identify(docs/chapters) by extension 'colcon_meta'
[0.595s] Level 1:colcon.colcon_core.package_identification:_identify(docs/chapters) by extensions ['ros']
[0.595s] Level 1:colcon.colcon_core.package_identification:_identify(docs/chapters) by extension 'ros'
[0.595s] Level 1:colcon.colcon_core.package_identification:_identify(docs/chapters) by extensions ['cmake', 'python']
[0.595s] Level 1:colcon.colcon_core.package_identification:_identify(docs/chapters) by extension 'cmake'
[0.595s] Level 1:colcon.colcon_core.package_identification:_identify(docs/chapters) by extension 'python'
[0.595s] Level 1:colcon.colcon_core.package_identification:_identify(docs/chapters) by extensions ['python_setup_py']
[0.595s] Level 1:colcon.colcon_core.package_identification:_identify(docs/chapters) by extension 'python_setup_py'
[0.596s] Level 1:colcon.colcon_core.package_identification:_identify(docs/example_scripts) by extensions ['ignore', 'ignore_ament_install']
[0.596s] Level 1:colcon.colcon_core.package_identification:_identify(docs/example_scripts) by extension 'ignore'
[0.596s] Level 1:colcon.colcon_core.package_identification:_identify(docs/example_scripts) by extension 'ignore_ament_install'
[0.596s] Level 1:colcon.colcon_core.package_identification:_identify(docs/example_scripts) by extensions ['colcon_pkg']
[0.596s] Level 1:colcon.colcon_core.package_identification:_identify(docs/example_scripts) by extension 'colcon_pkg'
[0.596s] Level 1:colcon.colcon_core.package_identification:_identify(docs/example_scripts) by extensions ['colcon_meta']
[0.596s] Level 1:colcon.colcon_core.package_identification:_identify(docs/example_scripts) by extension 'colcon_meta'
[0.596s] Level 1:colcon.colcon_core.package_identification:_identify(docs/example_scripts) by extensions ['ros']
[0.596s] Level 1:colcon.colcon_core.package_identification:_identify(docs/example_scripts) by extension 'ros'
[0.596s] Level 1:colcon.colcon_core.package_identification:_identify(docs/example_scripts) by extensions ['cmake', 'python']
[0.596s] Level 1:colcon.colcon_core.package_identification:_identify(docs/example_scripts) by extension 'cmake'
[0.596s] Level 1:colcon.colcon_core.package_identification:_identify(docs/example_scripts) by extension 'python'
[0.596s] Level 1:colcon.colcon_core.package_identification:_identify(docs/example_scripts) by extensions ['python_setup_py']
[0.596s] Level 1:colcon.colcon_core.package_identification:_identify(docs/example_scripts) by extension 'python_setup_py'
[0.597s] Level 1:colcon.colcon_core.package_identification:_identify(docs/images) by extensions ['ignore', 'ignore_ament_install']
[0.597s] Level 1:colcon.colcon_core.package_identification:_identify(docs/images) by extension 'ignore'
[0.597s] Level 1:colcon.colcon_core.package_identification:_identify(docs/images) by extension 'ignore_ament_install'
[0.597s] Level 1:colcon.colcon_core.package_identification:_identify(docs/images) by extensions ['colcon_pkg']
[0.597s] Level 1:colcon.colcon_core.package_identification:_identify(docs/images) by extension 'colcon_pkg'
[0.597s] Level 1:colcon.colcon_core.package_identification:_identify(docs/images) by extensions ['colcon_meta']
[0.597s] Level 1:colcon.colcon_core.package_identification:_identify(docs/images) by extension 'colcon_meta'
[0.597s] Level 1:colcon.colcon_core.package_identification:_identify(docs/images) by extensions ['ros']
[0.597s] Level 1:colcon.colcon_core.package_identification:_identify(docs/images) by extension 'ros'
[0.597s] Level 1:colcon.colcon_core.package_identification:_identify(docs/images) by extensions ['cmake', 'python']
[0.597s] Level 1:colcon.colcon_core.package_identification:_identify(docs/images) by extension 'cmake'
[0.597s] Level 1:colcon.colcon_core.package_identification:_identify(docs/images) by extension 'python'
[0.597s] Level 1:colcon.colcon_core.package_identification:_identify(docs/images) by extensions ['python_setup_py']
[0.597s] Level 1:colcon.colcon_core.package_identification:_identify(docs/images) by extension 'python_setup_py'
[0.598s] Level 1:colcon.colcon_core.package_identification:_identify(franka_bringup) by extensions ['ignore', 'ignore_ament_install']
[0.598s] Level 1:colcon.colcon_core.package_identification:_identify(franka_bringup) by extension 'ignore'
[0.598s] Level 1:colcon.colcon_core.package_identification:_identify(franka_bringup) by extension 'ignore_ament_install'
[0.598s] Level 1:colcon.colcon_core.package_identification:_identify(franka_bringup) by extensions ['colcon_pkg']
[0.598s] Level 1:colcon.colcon_core.package_identification:_identify(franka_bringup) by extension 'colcon_pkg'
[0.598s] Level 1:colcon.colcon_core.package_identification:_identify(franka_bringup) by extensions ['colcon_meta']
[0.598s] Level 1:colcon.colcon_core.package_identification:_identify(franka_bringup) by extension 'colcon_meta'
[0.598s] Level 1:colcon.colcon_core.package_identification:_identify(franka_bringup) by extensions ['ros']
[0.598s] Level 1:colcon.colcon_core.package_identification:_identify(franka_bringup) by extension 'ros'
[0.602s] DEBUG:colcon.colcon_core.package_identification:Package 'franka_bringup' with type 'ros.ament_cmake' and name 'franka_bringup'
[0.602s] Level 1:colcon.colcon_core.package_identification:_identify(franka_control2) by extensions ['ignore', 'ignore_ament_install']
[0.602s] Level 1:colcon.colcon_core.package_identification:_identify(franka_control2) by extension 'ignore'
[0.603s] Level 1:colcon.colcon_core.package_identification:_identify(franka_control2) by extension 'ignore_ament_install'
[0.603s] Level 1:colcon.colcon_core.package_identification:_identify(franka_control2) by extensions ['colcon_pkg']
[0.603s] Level 1:colcon.colcon_core.package_identification:_identify(franka_control2) by extension 'colcon_pkg'
[0.603s] Level 1:colcon.colcon_core.package_identification:_identify(franka_control2) by extensions ['colcon_meta']
[0.603s] Level 1:colcon.colcon_core.package_identification:_identify(franka_control2) by extension 'colcon_meta'
[0.603s] Level 1:colcon.colcon_core.package_identification:_identify(franka_control2) by extensions ['ros']
[0.603s] Level 1:colcon.colcon_core.package_identification:_identify(franka_control2) by extension 'ros'
[0.605s] DEBUG:colcon.colcon_core.package_identification:Package 'franka_control2' with type 'ros.ament_cmake' and name 'franka_control2'
[0.605s] Level 1:colcon.colcon_core.package_identification:_identify(franka_description) by extensions ['ignore', 'ignore_ament_install']
[0.605s] Level 1:colcon.colcon_core.package_identification:_identify(franka_description) by extension 'ignore'
[0.605s] Level 1:colcon.colcon_core.package_identification:_identify(franka_description) by extension 'ignore_ament_install'
[0.606s] Level 1:colcon.colcon_core.package_identification:_identify(franka_description) by extensions ['colcon_pkg']
[0.606s] Level 1:colcon.colcon_core.package_identification:_identify(franka_description) by extension 'colcon_pkg'
[0.606s] Level 1:colcon.colcon_core.package_identification:_identify(franka_description) by extensions ['colcon_meta']
[0.606s] Level 1:colcon.colcon_core.package_identification:_identify(franka_description) by extension 'colcon_meta'
[0.606s] Level 1:colcon.colcon_core.package_identification:_identify(franka_description) by extensions ['ros']
[0.606s] Level 1:colcon.colcon_core.package_identification:_identify(franka_description) by extension 'ros'
[0.607s] DEBUG:colcon.colcon_core.package_identification:Package 'franka_description' with type 'ros.ament_cmake' and name 'franka_description'
[0.607s] Level 1:colcon.colcon_core.package_identification:_identify(franka_example_controllers) by extensions ['ignore', 'ignore_ament_install']
[0.607s] Level 1:colcon.colcon_core.package_identification:_identify(franka_example_controllers) by extension 'ignore'
[0.607s] Level 1:colcon.colcon_core.package_identification:_identify(franka_example_controllers) by extension 'ignore_ament_install'
[0.607s] Level 1:colcon.colcon_core.package_identification:_identify(franka_example_controllers) by extensions ['colcon_pkg']
[0.607s] Level 1:colcon.colcon_core.package_identification:_identify(franka_example_controllers) by extension 'colcon_pkg'
[0.607s] Level 1:colcon.colcon_core.package_identification:_identify(franka_example_controllers) by extensions ['colcon_meta']
[0.607s] Level 1:colcon.colcon_core.package_identification:_identify(franka_example_controllers) by extension 'colcon_meta'
[0.607s] Level 1:colcon.colcon_core.package_identification:_identify(franka_example_controllers) by extensions ['ros']
[0.607s] Level 1:colcon.colcon_core.package_identification:_identify(franka_example_controllers) by extension 'ros'
[0.608s] DEBUG:colcon.colcon_core.package_identification:Package 'franka_example_controllers' with type 'ros.ament_cmake' and name 'franka_example_controllers'
[0.609s] Level 1:colcon.colcon_core.package_identification:_identify(franka_gripper) by extensions ['ignore', 'ignore_ament_install']
[0.609s] Level 1:colcon.colcon_core.package_identification:_identify(franka_gripper) by extension 'ignore'
[0.609s] Level 1:colcon.colcon_core.package_identification:_identify(franka_gripper) by extension 'ignore_ament_install'
[0.609s] Level 1:colcon.colcon_core.package_identification:_identify(franka_gripper) by extensions ['colcon_pkg']
[0.609s] Level 1:colcon.colcon_core.package_identification:_identify(franka_gripper) by extension 'colcon_pkg'
[0.609s] Level 1:colcon.colcon_core.package_identification:_identify(franka_gripper) by extensions ['colcon_meta']
[0.609s] Level 1:colcon.colcon_core.package_identification:_identify(franka_gripper) by extension 'colcon_meta'
[0.609s] Level 1:colcon.colcon_core.package_identification:_identify(franka_gripper) by extensions ['ros']
[0.609s] Level 1:colcon.colcon_core.package_identification:_identify(franka_gripper) by extension 'ros'
[0.610s] DEBUG:colcon.colcon_core.package_identification:Package 'franka_gripper' with type 'ros.ament_cmake' and name 'franka_gripper'
[0.610s] Level 1:colcon.colcon_core.package_identification:_identify(franka_hardware) by extensions ['ignore', 'ignore_ament_install']
[0.610s] Level 1:colcon.colcon_core.package_identification:_identify(franka_hardware) by extension 'ignore'
[0.610s] Level 1:colcon.colcon_core.package_identification:_identify(franka_hardware) by extension 'ignore_ament_install'
[0.610s] Level 1:colcon.colcon_core.package_identification:_identify(franka_hardware) by extensions ['colcon_pkg']
[0.610s] Level 1:colcon.colcon_core.package_identification:_identify(franka_hardware) by extension 'colcon_pkg'
[0.610s] Level 1:colcon.colcon_core.package_identification:_identify(franka_hardware) by extensions ['colcon_meta']
[0.610s] Level 1:colcon.colcon_core.package_identification:_identify(franka_hardware) by extension 'colcon_meta'
[0.610s] Level 1:colcon.colcon_core.package_identification:_identify(franka_hardware) by extensions ['ros']
[0.610s] Level 1:colcon.colcon_core.package_identification:_identify(franka_hardware) by extension 'ros'
[0.611s] DEBUG:colcon.colcon_core.package_identification:Package 'franka_hardware' with type 'ros.ament_cmake' and name 'franka_hardware'
[0.611s] Level 1:colcon.colcon_core.package_identification:_identify(franka_moveit_config) by extensions ['ignore', 'ignore_ament_install']
[0.612s] Level 1:colcon.colcon_core.package_identification:_identify(franka_moveit_config) by extension 'ignore'
[0.612s] Level 1:colcon.colcon_core.package_identification:_identify(franka_moveit_config) by extension 'ignore_ament_install'
[0.612s] Level 1:colcon.colcon_core.package_identification:_identify(franka_moveit_config) by extensions ['colcon_pkg']
[0.612s] Level 1:colcon.colcon_core.package_identification:_identify(franka_moveit_config) by extension 'colcon_pkg'
[0.612s] Level 1:colcon.colcon_core.package_identification:_identify(franka_moveit_config) by extensions ['colcon_meta']
[0.612s] Level 1:colcon.colcon_core.package_identification:_identify(franka_moveit_config) by extension 'colcon_meta'
[0.612s] Level 1:colcon.colcon_core.package_identification:_identify(franka_moveit_config) by extensions ['ros']
[0.612s] Level 1:colcon.colcon_core.package_identification:_identify(franka_moveit_config) by extension 'ros'
[0.612s] DEBUG:colcon.colcon_core.package_identification:Package 'franka_moveit_config' with type 'ros.ament_cmake' and name 'franka_moveit_config'
[0.613s] Level 1:colcon.colcon_core.package_identification:_identify(franka_msgs) by extensions ['ignore', 'ignore_ament_install']
[0.613s] Level 1:colcon.colcon_core.package_identification:_identify(franka_msgs) by extension 'ignore'
[0.613s] Level 1:colcon.colcon_core.package_identification:_identify(franka_msgs) by extension 'ignore_ament_install'
[0.613s] Level 1:colcon.colcon_core.package_identification:_identify(franka_msgs) by extensions ['colcon_pkg']
[0.613s] Level 1:colcon.colcon_core.package_identification:_identify(franka_msgs) by extension 'colcon_pkg'
[0.613s] Level 1:colcon.colcon_core.package_identification:_identify(franka_msgs) by extensions ['colcon_meta']
[0.613s] Level 1:colcon.colcon_core.package_identification:_identify(franka_msgs) by extension 'colcon_meta'
[0.613s] Level 1:colcon.colcon_core.package_identification:_identify(franka_msgs) by extensions ['ros']
[0.613s] Level 1:colcon.colcon_core.package_identification:_identify(franka_msgs) by extension 'ros'
[0.614s] DEBUG:colcon.colcon_core.package_identification:Package 'franka_msgs' with type 'ros.ament_cmake' and name 'franka_msgs'
[0.614s] Level 1:colcon.colcon_core.package_identification:_identify(franka_multi_mode_controller) by extensions ['ignore', 'ignore_ament_install']
[0.614s] Level 1:colcon.colcon_core.package_identification:_identify(franka_multi_mode_controller) by extension 'ignore'
[0.614s] Level 1:colcon.colcon_core.package_identification:_identify(franka_multi_mode_controller) by extension 'ignore_ament_install'
[0.615s] Level 1:colcon.colcon_core.package_identification:_identify(franka_multi_mode_controller) by extensions ['colcon_pkg']
[0.615s] Level 1:colcon.colcon_core.package_identification:_identify(franka_multi_mode_controller) by extension 'colcon_pkg'
[0.615s] Level 1:colcon.colcon_core.package_identification:_identify(franka_multi_mode_controller) by extensions ['colcon_meta']
[0.615s] Level 1:colcon.colcon_core.package_identification:_identify(franka_multi_mode_controller) by extension 'colcon_meta'
[0.615s] Level 1:colcon.colcon_core.package_identification:_identify(franka_multi_mode_controller) by extensions ['ros']
[0.615s] Level 1:colcon.colcon_core.package_identification:_identify(franka_multi_mode_controller) by extension 'ros'
[0.615s] Level 1:colcon.colcon_core.package_identification:_identify(franka_multi_mode_controller) by extensions ['cmake', 'python']
[0.615s] Level 1:colcon.colcon_core.package_identification:_identify(franka_multi_mode_controller) by extension 'cmake'
[0.615s] Level 1:colcon.colcon_core.package_identification:_identify(franka_multi_mode_controller) by extension 'python'
[0.615s] Level 1:colcon.colcon_core.package_identification:_identify(franka_multi_mode_controller) by extensions ['python_setup_py']
[0.615s] Level 1:colcon.colcon_core.package_identification:_identify(franka_multi_mode_controller) by extension 'python_setup_py'
[0.616s] Level 1:colcon.colcon_core.package_identification:_identify(franka_multi_mode_controller/multi_mode_control_msgs) by extensions ['ignore', 'ignore_ament_install']
[0.616s] Level 1:colcon.colcon_core.package_identification:_identify(franka_multi_mode_controller/multi_mode_control_msgs) by extension 'ignore'
[0.616s] Level 1:colcon.colcon_core.package_identification:_identify(franka_multi_mode_controller/multi_mode_control_msgs) by extension 'ignore_ament_install'
[0.616s] Level 1:colcon.colcon_core.package_identification:_identify(franka_multi_mode_controller/multi_mode_control_msgs) by extensions ['colcon_pkg']
[0.616s] Level 1:colcon.colcon_core.package_identification:_identify(franka_multi_mode_controller/multi_mode_control_msgs) by extension 'colcon_pkg'
[0.616s] Level 1:colcon.colcon_core.package_identification:_identify(franka_multi_mode_controller/multi_mode_control_msgs) by extensions ['colcon_meta']
[0.616s] Level 1:colcon.colcon_core.package_identification:_identify(franka_multi_mode_controller/multi_mode_control_msgs) by extension 'colcon_meta'
[0.616s] Level 1:colcon.colcon_core.package_identification:_identify(franka_multi_mode_controller/multi_mode_control_msgs) by extensions ['ros']
[0.616s] Level 1:colcon.colcon_core.package_identification:_identify(franka_multi_mode_controller/multi_mode_control_msgs) by extension 'ros'
[0.618s] DEBUG:colcon.colcon_core.package_identification:Package 'franka_multi_mode_controller/multi_mode_control_msgs' with type 'ros.ament_cmake' and name 'multi_mode_control_msgs'
[0.618s] Level 1:colcon.colcon_core.package_identification:_identify(franka_multi_mode_controller/multi_mode_controller) by extensions ['ignore', 'ignore_ament_install']
[0.618s] Level 1:colcon.colcon_core.package_identification:_identify(franka_multi_mode_controller/multi_mode_controller) by extension 'ignore'
[0.618s] Level 1:colcon.colcon_core.package_identification:_identify(franka_multi_mode_controller/multi_mode_controller) by extension 'ignore_ament_install'
[0.618s] Level 1:colcon.colcon_core.package_identification:_identify(franka_multi_mode_controller/multi_mode_controller) by extensions ['colcon_pkg']
[0.619s] Level 1:colcon.colcon_core.package_identification:_identify(franka_multi_mode_controller/multi_mode_controller) by extension 'colcon_pkg'
[0.619s] Level 1:colcon.colcon_core.package_identification:_identify(franka_multi_mode_controller/multi_mode_controller) by extensions ['colcon_meta']
[0.619s] Level 1:colcon.colcon_core.package_identification:_identify(franka_multi_mode_controller/multi_mode_controller) by extension 'colcon_meta'
[0.619s] Level 1:colcon.colcon_core.package_identification:_identify(franka_multi_mode_controller/multi_mode_controller) by extensions ['ros']
[0.619s] Level 1:colcon.colcon_core.package_identification:_identify(franka_multi_mode_controller/multi_mode_controller) by extension 'ros'
[0.620s] DEBUG:colcon.colcon_core.package_identification:Package 'franka_multi_mode_controller/multi_mode_controller' with type 'ros.ament_cmake' and name 'multi_mode_controller'
[0.620s] Level 1:colcon.colcon_core.package_identification:_identify(franka_multi_mode_controller/multi_mode_controller_impl) by extensions ['ignore', 'ignore_ament_install']
[0.620s] Level 1:colcon.colcon_core.package_identification:_identify(franka_multi_mode_controller/multi_mode_controller_impl) by extension 'ignore'
[0.620s] Level 1:colcon.colcon_core.package_identification:_identify(franka_multi_mode_controller/multi_mode_controller_impl) by extension 'ignore_ament_install'
[0.620s] Level 1:colcon.colcon_core.package_identification:_identify(franka_multi_mode_controller/multi_mode_controller_impl) by extensions ['colcon_pkg']
[0.620s] Level 1:colcon.colcon_core.package_identification:_identify(franka_multi_mode_controller/multi_mode_controller_impl) by extension 'colcon_pkg'
[0.620s] Level 1:colcon.colcon_core.package_identification:_identify(franka_multi_mode_controller/multi_mode_controller_impl) by extensions ['colcon_meta']
[0.620s] Level 1:colcon.colcon_core.package_identification:_identify(franka_multi_mode_controller/multi_mode_controller_impl) by extension 'colcon_meta'
[0.621s] Level 1:colcon.colcon_core.package_identification:_identify(franka_multi_mode_controller/multi_mode_controller_impl) by extensions ['ros']
[0.621s] Level 1:colcon.colcon_core.package_identification:_identify(franka_multi_mode_controller/multi_mode_controller_impl) by extension 'ros'
[0.622s] DEBUG:colcon.colcon_core.package_identification:Package 'franka_multi_mode_controller/multi_mode_controller_impl' with type 'ros.ament_cmake' and name 'multi_mode_controller_impl'
[0.622s] Level 1:colcon.colcon_core.package_identification:_identify(franka_multi_mode_controller/panda_motion_generator_msgs) by extensions ['ignore', 'ignore_ament_install']
[0.622s] Level 1:colcon.colcon_core.package_identification:_identify(franka_multi_mode_controller/panda_motion_generator_msgs) by extension 'ignore'
[0.622s] Level 1:colcon.colcon_core.package_identification:_identify(franka_multi_mode_controller/panda_motion_generator_msgs) by extension 'ignore_ament_install'
[0.622s] Level 1:colcon.colcon_core.package_identification:_identify(franka_multi_mode_controller/panda_motion_generator_msgs) by extensions ['colcon_pkg']
[0.622s] Level 1:colcon.colcon_core.package_identification:_identify(franka_multi_mode_controller/panda_motion_generator_msgs) by extension 'colcon_pkg'
[0.622s] Level 1:colcon.colcon_core.package_identification:_identify(franka_multi_mode_controller/panda_motion_generator_msgs) by extensions ['colcon_meta']
[0.622s] Level 1:colcon.colcon_core.package_identification:_identify(franka_multi_mode_controller/panda_motion_generator_msgs) by extension 'colcon_meta'
[0.622s] Level 1:colcon.colcon_core.package_identification:_identify(franka_multi_mode_controller/panda_motion_generator_msgs) by extensions ['ros']
[0.623s] Level 1:colcon.colcon_core.package_identification:_identify(franka_multi_mode_controller/panda_motion_generator_msgs) by extension 'ros'
[0.623s] DEBUG:colcon.colcon_core.package_identification:Package 'franka_multi_mode_controller/panda_motion_generator_msgs' with type 'ros.ament_cmake' and name 'panda_motion_generator_msgs'
[0.624s] Level 1:colcon.colcon_core.package_identification:_identify(franka_multi_mode_controller/panda_motion_generators) by extensions ['ignore', 'ignore_ament_install']
[0.624s] Level 1:colcon.colcon_core.package_identification:_identify(franka_multi_mode_controller/panda_motion_generators) by extension 'ignore'
[0.624s] Level 1:colcon.colcon_core.package_identification:_identify(franka_multi_mode_controller/panda_motion_generators) by extension 'ignore_ament_install'
[0.624s] Level 1:colcon.colcon_core.package_identification:_identify(franka_multi_mode_controller/panda_motion_generators) by extensions ['colcon_pkg']
[0.624s] Level 1:colcon.colcon_core.package_identification:_identify(franka_multi_mode_controller/panda_motion_generators) by extension 'colcon_pkg'
[0.624s] Level 1:colcon.colcon_core.package_identification:_identify(franka_multi_mode_controller/panda_motion_generators) by extensions ['colcon_meta']
[0.624s] Level 1:colcon.colcon_core.package_identification:_identify(franka_multi_mode_controller/panda_motion_generators) by extension 'colcon_meta'
[0.624s] Level 1:colcon.colcon_core.package_identification:_identify(franka_multi_mode_controller/panda_motion_generators) by extensions ['ros']
[0.624s] Level 1:colcon.colcon_core.package_identification:_identify(franka_multi_mode_controller/panda_motion_generators) by extension 'ros'
[0.625s] DEBUG:colcon.colcon_core.package_identification:Package 'franka_multi_mode_controller/panda_motion_generators' with type 'ros.ament_cmake' and name 'panda_motion_generators'
[0.626s] Level 1:colcon.colcon_core.package_identification:_identify(franka_robot_state_broadcaster) by extensions ['ignore', 'ignore_ament_install']
[0.626s] Level 1:colcon.colcon_core.package_identification:_identify(franka_robot_state_broadcaster) by extension 'ignore'
[0.626s] Level 1:colcon.colcon_core.package_identification:_identify(franka_robot_state_broadcaster) by extension 'ignore_ament_install'
[0.626s] Level 1:colcon.colcon_core.package_identification:_identify(franka_robot_state_broadcaster) by extensions ['colcon_pkg']
[0.626s] Level 1:colcon.colcon_core.package_identification:_identify(franka_robot_state_broadcaster) by extension 'colcon_pkg'
[0.626s] Level 1:colcon.colcon_core.package_identification:_identify(franka_robot_state_broadcaster) by extensions ['colcon_meta']
[0.626s] Level 1:colcon.colcon_core.package_identification:_identify(franka_robot_state_broadcaster) by extension 'colcon_meta'
[0.626s] Level 1:colcon.colcon_core.package_identification:_identify(franka_robot_state_broadcaster) by extensions ['ros']
[0.626s] Level 1:colcon.colcon_core.package_identification:_identify(franka_robot_state_broadcaster) by extension 'ros'
[0.630s] DEBUG:colcon.colcon_core.package_identification:Package 'franka_robot_state_broadcaster' with type 'ros.ament_cmake' and name 'franka_robot_state_broadcaster'
[0.630s] Level 1:colcon.colcon_core.package_identification:_identify(franka_semantic_components) by extensions ['ignore', 'ignore_ament_install']
[0.630s] Level 1:colcon.colcon_core.package_identification:_identify(franka_semantic_components) by extension 'ignore'
[0.631s] Level 1:colcon.colcon_core.package_identification:_identify(franka_semantic_components) by extension 'ignore_ament_install'
[0.631s] Level 1:colcon.colcon_core.package_identification:_identify(franka_semantic_components) by extensions ['colcon_pkg']
[0.631s] Level 1:colcon.colcon_core.package_identification:_identify(franka_semantic_components) by extension 'colcon_pkg'
[0.631s] Level 1:colcon.colcon_core.package_identification:_identify(franka_semantic_components) by extensions ['colcon_meta']
[0.631s] Level 1:colcon.colcon_core.package_identification:_identify(franka_semantic_components) by extension 'colcon_meta'
[0.631s] Level 1:colcon.colcon_core.package_identification:_identify(franka_semantic_components) by extensions ['ros']
[0.631s] Level 1:colcon.colcon_core.package_identification:_identify(franka_semantic_components) by extension 'ros'
[0.632s] DEBUG:colcon.colcon_core.package_identification:Package 'franka_semantic_components' with type 'ros.ament_cmake' and name 'franka_semantic_components'
[0.632s] Level 1:colcon.colcon_core.package_identification:_identify(franka_simple_publishers) by extensions ['ignore', 'ignore_ament_install']
[0.633s] Level 1:colcon.colcon_core.package_identification:_identify(franka_simple_publishers) by extension 'ignore'
[0.633s] Level 1:colcon.colcon_core.package_identification:_identify(franka_simple_publishers) by extension 'ignore_ament_install'
[0.633s] Level 1:colcon.colcon_core.package_identification:_identify(franka_simple_publishers) by extensions ['colcon_pkg']
[0.633s] Level 1:colcon.colcon_core.package_identification:_identify(franka_simple_publishers) by extension 'colcon_pkg'
[0.633s] Level 1:colcon.colcon_core.package_identification:_identify(franka_simple_publishers) by extensions ['colcon_meta']
[0.633s] Level 1:colcon.colcon_core.package_identification:_identify(franka_simple_publishers) by extension 'colcon_meta'
[0.633s] Level 1:colcon.colcon_core.package_identification:_identify(franka_simple_publishers) by extensions ['ros']
[0.633s] Level 1:colcon.colcon_core.package_identification:_identify(franka_simple_publishers) by extension 'ros'
[0.634s] DEBUG:colcon.colcon_core.package_identification:Package 'franka_simple_publishers' with type 'ros.ament_python' and name 'franka_simple_publishers'
[0.634s] Level 1:colcon.colcon_core.package_identification:_identify(garmi_packages) by extensions ['ignore', 'ignore_ament_install']
[0.634s] Level 1:colcon.colcon_core.package_identification:_identify(garmi_packages) by extension 'ignore'
[0.634s] Level 1:colcon.colcon_core.package_identification:_identify(garmi_packages) by extension 'ignore_ament_install'
[0.634s] Level 1:colcon.colcon_core.package_identification:_identify(garmi_packages) by extensions ['colcon_pkg']
[0.634s] Level 1:colcon.colcon_core.package_identification:_identify(garmi_packages) by extension 'colcon_pkg'
[0.634s] Level 1:colcon.colcon_core.package_identification:_identify(garmi_packages) by extensions ['colcon_meta']
[0.634s] Level 1:colcon.colcon_core.package_identification:_identify(garmi_packages) by extension 'colcon_meta'
[0.634s] Level 1:colcon.colcon_core.package_identification:_identify(garmi_packages) by extensions ['ros']
[0.634s] Level 1:colcon.colcon_core.package_identification:_identify(garmi_packages) by extension 'ros'
[0.634s] Level 1:colcon.colcon_core.package_identification:_identify(garmi_packages) by extensions ['cmake', 'python']
[0.634s] Level 1:colcon.colcon_core.package_identification:_identify(garmi_packages) by extension 'cmake'
[0.635s] Level 1:colcon.colcon_core.package_identification:_identify(garmi_packages) by extension 'python'
[0.635s] Level 1:colcon.colcon_core.package_identification:_identify(garmi_packages) by extensions ['python_setup_py']
[0.635s] Level 1:colcon.colcon_core.package_identification:_identify(garmi_packages) by extension 'python_setup_py'
[0.635s] Level 1:colcon.colcon_core.package_identification:_identify(garmi_packages/garmi_bringup) by extensions ['ignore', 'ignore_ament_install']
[0.635s] Level 1:colcon.colcon_core.package_identification:_identify(garmi_packages/garmi_bringup) by extension 'ignore'
[0.635s] Level 1:colcon.colcon_core.package_identification:_identify(garmi_packages/garmi_bringup) by extension 'ignore_ament_install'
[0.635s] Level 1:colcon.colcon_core.package_identification:_identify(garmi_packages/garmi_bringup) by extensions ['colcon_pkg']
[0.635s] Level 1:colcon.colcon_core.package_identification:_identify(garmi_packages/garmi_bringup) by extension 'colcon_pkg'
[0.635s] Level 1:colcon.colcon_core.package_identification:_identify(garmi_packages/garmi_bringup) by extensions ['colcon_meta']
[0.635s] Level 1:colcon.colcon_core.package_identification:_identify(garmi_packages/garmi_bringup) by extension 'colcon_meta'
[0.635s] Level 1:colcon.colcon_core.package_identification:_identify(garmi_packages/garmi_bringup) by extensions ['ros']
[0.635s] Level 1:colcon.colcon_core.package_identification:_identify(garmi_packages/garmi_bringup) by extension 'ros'
[0.636s] DEBUG:colcon.colcon_core.package_identification:Package 'garmi_packages/garmi_bringup' with type 'ros.ament_cmake' and name 'garmi_bringup'
[0.636s] Level 1:colcon.colcon_core.package_identification:_identify(garmi_packages/garmi_controllers) by extensions ['ignore', 'ignore_ament_install']
[0.636s] Level 1:colcon.colcon_core.package_identification:_identify(garmi_packages/garmi_controllers) by extension 'ignore'
[0.636s] Level 1:colcon.colcon_core.package_identification:_identify(garmi_packages/garmi_controllers) by extension 'ignore_ament_install'
[0.637s] Level 1:colcon.colcon_core.package_identification:_identify(garmi_packages/garmi_controllers) by extensions ['colcon_pkg']
[0.637s] Level 1:colcon.colcon_core.package_identification:_identify(garmi_packages/garmi_controllers) by extension 'colcon_pkg'
[0.637s] Level 1:colcon.colcon_core.package_identification:_identify(garmi_packages/garmi_controllers) by extensions ['colcon_meta']
[0.637s] Level 1:colcon.colcon_core.package_identification:_identify(garmi_packages/garmi_controllers) by extension 'colcon_meta'
[0.637s] Level 1:colcon.colcon_core.package_identification:_identify(garmi_packages/garmi_controllers) by extensions ['ros']
[0.637s] Level 1:colcon.colcon_core.package_identification:_identify(garmi_packages/garmi_controllers) by extension 'ros'
[0.638s] DEBUG:colcon.colcon_core.package_identification:Package 'garmi_packages/garmi_controllers' with type 'ros.ament_cmake' and name 'garmi_controllers'
[0.638s] Level 1:colcon.colcon_core.package_identification:_identify(garmi_packages/garmi_description) by extensions ['ignore', 'ignore_ament_install']
[0.638s] Level 1:colcon.colcon_core.package_identification:_identify(garmi_packages/garmi_description) by extension 'ignore'
[0.639s] Level 1:colcon.colcon_core.package_identification:_identify(garmi_packages/garmi_description) by extension 'ignore_ament_install'
[0.639s] Level 1:colcon.colcon_core.package_identification:_identify(garmi_packages/garmi_description) by extensions ['colcon_pkg']
[0.639s] Level 1:colcon.colcon_core.package_identification:_identify(garmi_packages/garmi_description) by extension 'colcon_pkg'
[0.639s] Level 1:colcon.colcon_core.package_identification:_identify(garmi_packages/garmi_description) by extensions ['colcon_meta']
[0.639s] Level 1:colcon.colcon_core.package_identification:_identify(garmi_packages/garmi_description) by extension 'colcon_meta'
[0.639s] Level 1:colcon.colcon_core.package_identification:_identify(garmi_packages/garmi_description) by extensions ['ros']
[0.639s] Level 1:colcon.colcon_core.package_identification:_identify(garmi_packages/garmi_description) by extension 'ros'
[0.640s] DEBUG:colcon.colcon_core.package_identification:Package 'garmi_packages/garmi_description' with type 'ros.ament_cmake' and name 'garmi_description'
[0.640s] Level 1:colcon.colcon_core.package_identification:_identify(garmi_packages/garmi_moveit_config) by extensions ['ignore', 'ignore_ament_install']
[0.640s] Level 1:colcon.colcon_core.package_identification:_identify(garmi_packages/garmi_moveit_config) by extension 'ignore'
[0.640s] Level 1:colcon.colcon_core.package_identification:_identify(garmi_packages/garmi_moveit_config) by extension 'ignore_ament_install'
[0.640s] Level 1:colcon.colcon_core.package_identification:_identify(garmi_packages/garmi_moveit_config) by extensions ['colcon_pkg']
[0.640s] Level 1:colcon.colcon_core.package_identification:_identify(garmi_packages/garmi_moveit_config) by extension 'colcon_pkg'
[0.640s] Level 1:colcon.colcon_core.package_identification:_identify(garmi_packages/garmi_moveit_config) by extensions ['colcon_meta']
[0.640s] Level 1:colcon.colcon_core.package_identification:_identify(garmi_packages/garmi_moveit_config) by extension 'colcon_meta'
[0.640s] Level 1:colcon.colcon_core.package_identification:_identify(garmi_packages/garmi_moveit_config) by extensions ['ros']
[0.640s] Level 1:colcon.colcon_core.package_identification:_identify(garmi_packages/garmi_moveit_config) by extension 'ros'
[0.641s] DEBUG:colcon.colcon_core.package_identification:Package 'garmi_packages/garmi_moveit_config' with type 'ros.ament_cmake' and name 'garmi_moveit_config'
[0.641s] Level 1:colcon.colcon_core.package_identification:_identify(install) by extensions ['ignore', 'ignore_ament_install']
[0.641s] Level 1:colcon.colcon_core.package_identification:_identify(install) by extension 'ignore'
[0.641s] Level 1:colcon.colcon_core.package_identification:_identify(install) ignored
[0.642s] Level 1:colcon.colcon_core.package_identification:_identify(log) by extensions ['ignore', 'ignore_ament_install']
[0.642s] Level 1:colcon.colcon_core.package_identification:_identify(log) by extension 'ignore'
[0.642s] Level 1:colcon.colcon_core.package_identification:_identify(log) ignored
[0.642s] Level 1:colcon.colcon_core.package_discovery:discover_packages(recursive) using defaults
[0.642s] Level 1:colcon.colcon_core.package_discovery:discover_packages(ignore) discover
[0.642s] Level 1:colcon.colcon_core.package_discovery:discover_packages(ignore) using defaults
[0.642s] Level 1:colcon.colcon_core.package_discovery:discover_packages(path) discover
[0.642s] Level 1:colcon.colcon_core.package_discovery:discover_packages(path) using defaults
[0.674s] Level 1:colcon.colcon_core.package_discovery:discover_packages(prefix_path) check parameters
[0.674s] Level 1:colcon.colcon_core.package_discovery:discover_packages(prefix_path) discover
[0.678s] DEBUG:colcon.colcon_installed_package_information.package_discovery:Found 359 installed packages in /opt/ros/humble
[0.680s] Level 1:colcon.colcon_core.package_discovery:discover_packages(prefix_path) using defaults
[0.784s] Level 5:colcon.colcon_core.verb:set package 'franka_description' build argument 'cmake_args' from command line to '['-DCMAKE_BUILD_TYPE=Release']'
[0.785s] Level 5:colcon.colcon_core.verb:set package 'franka_description' build argument 'cmake_target' from command line to 'None'
[0.785s] Level 5:colcon.colcon_core.verb:set package 'franka_description' build argument 'cmake_target_skip_unavailable' from command line to 'False'
[0.785s] Level 5:colcon.colcon_core.verb:set package 'franka_description' build argument 'cmake_clean_cache' from command line to 'False'
[0.785s] Level 5:colcon.colcon_core.verb:set package 'franka_description' build argument 'cmake_clean_first' from command line to 'False'
[0.785s] Level 5:colcon.colcon_core.verb:set package 'franka_description' build argument 'cmake_force_configure' from command line to 'False'
[0.785s] Level 5:colcon.colcon_core.verb:set package 'franka_description' build argument 'ament_cmake_args' from command line to 'None'
[0.785s] Level 5:colcon.colcon_core.verb:set package 'franka_description' build argument 'catkin_cmake_args' from command line to 'None'
[0.785s] Level 5:colcon.colcon_core.verb:set package 'franka_description' build argument 'catkin_skip_building_tests' from command line to 'False'
[0.786s] DEBUG:colcon.colcon_core.verb:Building package 'franka_description' with the following arguments: {'ament_cmake_args': None, 'build_base': '/home/bibek/Summer_Research/multipanda_ros2/build/franka_description', 'catkin_cmake_args': None, 'catkin_skip_building_tests': False, 'cmake_args': ['-DCMAKE_BUILD_TYPE=Release'], 'cmake_clean_cache': False, 'cmake_clean_first': False, 'cmake_force_configure': False, 'cmake_target': None, 'cmake_target_skip_unavailable': False, 'install_base': '/home/bibek/Summer_Research/multipanda_ros2/install/franka_description', 'merge_install': False, 'path': '/home/bibek/Summer_Research/multipanda_ros2/franka_description', 'symlink_install': False, 'test_result_base': None}
[0.787s] Level 5:colcon.colcon_core.verb:set package 'franka_msgs' build argument 'cmake_args' from command line to '['-DCMAKE_BUILD_TYPE=Release']'
[0.787s] Level 5:colcon.colcon_core.verb:set package 'franka_msgs' build argument 'cmake_target' from command line to 'None'
[0.787s] Level 5:colcon.colcon_core.verb:set package 'franka_msgs' build argument 'cmake_target_skip_unavailable' from command line to 'False'
[0.787s] Level 5:colcon.colcon_core.verb:set package 'franka_msgs' build argument 'cmake_clean_cache' from command line to 'False'
[0.788s] Level 5:colcon.colcon_core.verb:set package 'franka_msgs' build argument 'cmake_clean_first' from command line to 'False'
[0.788s] Level 5:colcon.colcon_core.verb:set package 'franka_msgs' build argument 'cmake_force_configure' from command line to 'False'
[0.788s] Level 5:colcon.colcon_core.verb:set package 'franka_msgs' build argument 'ament_cmake_args' from command line to 'None'
[0.788s] Level 5:colcon.colcon_core.verb:set package 'franka_msgs' build argument 'catkin_cmake_args' from command line to 'None'
[0.788s] Level 5:colcon.colcon_core.verb:set package 'franka_msgs' build argument 'catkin_skip_building_tests' from command line to 'False'
[0.788s] DEBUG:colcon.colcon_core.verb:Building package 'franka_msgs' with the following arguments: {'ament_cmake_args': None, 'build_base': '/home/bibek/Summer_Research/multipanda_ros2/build/franka_msgs', 'catkin_cmake_args': None, 'catkin_skip_building_tests': False, 'cmake_args': ['-DCMAKE_BUILD_TYPE=Release'], 'cmake_clean_cache': False, 'cmake_clean_first': False, 'cmake_force_configure': False, 'cmake_target': None, 'cmake_target_skip_unavailable': False, 'install_base': '/home/bibek/Summer_Research/multipanda_ros2/install/franka_msgs', 'merge_install': False, 'path': '/home/bibek/Summer_Research/multipanda_ros2/franka_msgs', 'symlink_install': False, 'test_result_base': None}
[0.790s] Level 5:colcon.colcon_core.verb:set package 'franka_simple_publishers' build argument 'cmake_args' from command line to '['-DCMAKE_BUILD_TYPE=Release']'
[0.790s] Level 5:colcon.colcon_core.verb:set package 'franka_simple_publishers' build argument 'cmake_target' from command line to 'None'
[0.790s] Level 5:colcon.colcon_core.verb:set package 'franka_simple_publishers' build argument 'cmake_target_skip_unavailable' from command line to 'False'
[0.790s] Level 5:colcon.colcon_core.verb:set package 'franka_simple_publishers' build argument 'cmake_clean_cache' from command line to 'False'
[0.790s] Level 5:colcon.colcon_core.verb:set package 'franka_simple_publishers' build argument 'cmake_clean_first' from command line to 'False'
[0.790s] Level 5:colcon.colcon_core.verb:set package 'franka_simple_publishers' build argument 'cmake_force_configure' from command line to 'False'
[0.790s] Level 5:colcon.colcon_core.verb:set package 'franka_simple_publishers' build argument 'ament_cmake_args' from command line to 'None'
[0.790s] Level 5:colcon.colcon_core.verb:set package 'franka_simple_publishers' build argument 'catkin_cmake_args' from command line to 'None'
[0.791s] Level 5:colcon.colcon_core.verb:set package 'franka_simple_publishers' build argument 'catkin_skip_building_tests' from command line to 'False'
[0.791s] DEBUG:colcon.colcon_core.verb:Building package 'franka_simple_publishers' with the following arguments: {'ament_cmake_args': None, 'build_base': '/home/bibek/Summer_Research/multipanda_ros2/build/franka_simple_publishers', 'catkin_cmake_args': None, 'catkin_skip_building_tests': False, 'cmake_args': ['-DCMAKE_BUILD_TYPE=Release'], 'cmake_clean_cache': False, 'cmake_clean_first': False, 'cmake_force_configure': False, 'cmake_target': None, 'cmake_target_skip_unavailable': False, 'install_base': '/home/bibek/Summer_Research/multipanda_ros2/install/franka_simple_publishers', 'merge_install': False, 'path': '/home/bibek/Summer_Research/multipanda_ros2/franka_simple_publishers', 'symlink_install': False, 'test_result_base': None}
[0.792s] Level 5:colcon.colcon_core.verb:set package 'garmi_controllers' build argument 'cmake_args' from command line to '['-DCMAKE_BUILD_TYPE=Release']'
[0.792s] Level 5:colcon.colcon_core.verb:set package 'garmi_controllers' build argument 'cmake_target' from command line to 'None'
[0.792s] Level 5:colcon.colcon_core.verb:set package 'garmi_controllers' build argument 'cmake_target_skip_unavailable' from command line to 'False'
[0.793s] Level 5:colcon.colcon_core.verb:set package 'garmi_controllers' build argument 'cmake_clean_cache' from command line to 'False'
[0.793s] Level 5:colcon.colcon_core.verb:set package 'garmi_controllers' build argument 'cmake_clean_first' from command line to 'False'
[0.793s] Level 5:colcon.colcon_core.verb:set package 'garmi_controllers' build argument 'cmake_force_configure' from command line to 'False'
[0.793s] Level 5:colcon.colcon_core.verb:set package 'garmi_controllers' build argument 'ament_cmake_args' from command line to 'None'
[0.793s] Level 5:colcon.colcon_core.verb:set package 'garmi_controllers' build argument 'catkin_cmake_args' from command line to 'None'
[0.793s] Level 5:colcon.colcon_core.verb:set package 'garmi_controllers' build argument 'catkin_skip_building_tests' from command line to 'False'
[0.793s] DEBUG:colcon.colcon_core.verb:Building package 'garmi_controllers' with the following arguments: {'ament_cmake_args': None, 'build_base': '/home/bibek/Summer_Research/multipanda_ros2/build/garmi_controllers', 'catkin_cmake_args': None, 'catkin_skip_building_tests': False, 'cmake_args': ['-DCMAKE_BUILD_TYPE=Release'], 'cmake_clean_cache': False, 'cmake_clean_first': False, 'cmake_force_configure': False, 'cmake_target': None, 'cmake_target_skip_unavailable': False, 'install_base': '/home/bibek/Summer_Research/multipanda_ros2/install/garmi_controllers', 'merge_install': False, 'path': '/home/bibek/Summer_Research/multipanda_ros2/garmi_packages/garmi_controllers', 'symlink_install': False, 'test_result_base': None}
[0.795s] Level 5:colcon.colcon_core.verb:set package 'garmi_moveit_config' build argument 'cmake_args' from command line to '['-DCMAKE_BUILD_TYPE=Release']'
[0.795s] Level 5:colcon.colcon_core.verb:set package 'garmi_moveit_config' build argument 'cmake_target' from command line to 'None'
[0.795s] Level 5:colcon.colcon_core.verb:set package 'garmi_moveit_config' build argument 'cmake_target_skip_unavailable' from command line to 'False'
[0.795s] Level 5:colcon.colcon_core.verb:set package 'garmi_moveit_config' build argument 'cmake_clean_cache' from command line to 'False'
[0.795s] Level 5:colcon.colcon_core.verb:set package 'garmi_moveit_config' build argument 'cmake_clean_first' from command line to 'False'
[0.795s] Level 5:colcon.colcon_core.verb:set package 'garmi_moveit_config' build argument 'cmake_force_configure' from command line to 'False'
[0.795s] Level 5:colcon.colcon_core.verb:set package 'garmi_moveit_config' build argument 'ament_cmake_args' from command line to 'None'
[0.795s] Level 5:colcon.colcon_core.verb:set package 'garmi_moveit_config' build argument 'catkin_cmake_args' from command line to 'None'
[0.795s] Level 5:colcon.colcon_core.verb:set package 'garmi_moveit_config' build argument 'catkin_skip_building_tests' from command line to 'False'
[0.795s] DEBUG:colcon.colcon_core.verb:Building package 'garmi_moveit_config' with the following arguments: {'ament_cmake_args': None, 'build_base': '/home/bibek/Summer_Research/multipanda_ros2/build/garmi_moveit_config', 'catkin_cmake_args': None, 'catkin_skip_building_tests': False, 'cmake_args': ['-DCMAKE_BUILD_TYPE=Release'], 'cmake_clean_cache': False, 'cmake_clean_first': False, 'cmake_force_configure': False, 'cmake_target': None, 'cmake_target_skip_unavailable': False, 'install_base': '/home/bibek/Summer_Research/multipanda_ros2/install/garmi_moveit_config', 'merge_install': False, 'path': '/home/bibek/Summer_Research/multipanda_ros2/garmi_packages/garmi_moveit_config', 'symlink_install': False, 'test_result_base': None}
[0.797s] Level 5:colcon.colcon_core.verb:set package 'panda_motion_generator_msgs' build argument 'cmake_args' from command line to '['-DCMAKE_BUILD_TYPE=Release']'
[0.797s] Level 5:colcon.colcon_core.verb:set package 'panda_motion_generator_msgs' build argument 'cmake_target' from command line to 'None'
[0.797s] Level 5:colcon.colcon_core.verb:set package 'panda_motion_generator_msgs' build argument 'cmake_target_skip_unavailable' from command line to 'False'
[0.797s] Level 5:colcon.colcon_core.verb:set package 'panda_motion_generator_msgs' build argument 'cmake_clean_cache' from command line to 'False'
[0.797s] Level 5:colcon.colcon_core.verb:set package 'panda_motion_generator_msgs' build argument 'cmake_clean_first' from command line to 'False'
[0.797s] Level 5:colcon.colcon_core.verb:set package 'panda_motion_generator_msgs' build argument 'cmake_force_configure' from command line to 'False'
[0.797s] Level 5:colcon.colcon_core.verb:set package 'panda_motion_generator_msgs' build argument 'ament_cmake_args' from command line to 'None'
[0.798s] Level 5:colcon.colcon_core.verb:set package 'panda_motion_generator_msgs' build argument 'catkin_cmake_args' from command line to 'None'
[0.798s] Level 5:colcon.colcon_core.verb:set package 'panda_motion_generator_msgs' build argument 'catkin_skip_building_tests' from command line to 'False'
[0.798s] DEBUG:colcon.colcon_core.verb:Building package 'panda_motion_generator_msgs' with the following arguments: {'ament_cmake_args': None, 'build_base': '/home/bibek/Summer_Research/multipanda_ros2/build/panda_motion_generator_msgs', 'catkin_cmake_args': None, 'catkin_skip_building_tests': False, 'cmake_args': ['-DCMAKE_BUILD_TYPE=Release'], 'cmake_clean_cache': False, 'cmake_clean_first': False, 'cmake_force_configure': False, 'cmake_target': None, 'cmake_target_skip_unavailable': False, 'install_base': '/home/bibek/Summer_Research/multipanda_ros2/install/panda_motion_generator_msgs', 'merge_install': False, 'path': '/home/bibek/Summer_Research/multipanda_ros2/franka_multi_mode_controller/panda_motion_generator_msgs', 'symlink_install': False, 'test_result_base': None}
[0.799s] Level 5:colcon.colcon_core.verb:set package 'franka_control2' build argument 'cmake_args' from command line to '['-DCMAKE_BUILD_TYPE=Release']'
[0.799s] Level 5:colcon.colcon_core.verb:set package 'franka_control2' build argument 'cmake_target' from command line to 'None'
[0.799s] Level 5:colcon.colcon_core.verb:set package 'franka_control2' build argument 'cmake_target_skip_unavailable' from command line to 'False'
[0.799s] Level 5:colcon.colcon_core.verb:set package 'franka_control2' build argument 'cmake_clean_cache' from command line to 'False'
[0.800s] Level 5:colcon.colcon_core.verb:set package 'franka_control2' build argument 'cmake_clean_first' from command line to 'False'
[0.800s] Level 5:colcon.colcon_core.verb:set package 'franka_control2' build argument 'cmake_force_configure' from command line to 'False'
[0.800s] Level 5:colcon.colcon_core.verb:set package 'franka_control2' build argument 'ament_cmake_args' from command line to 'None'
[0.800s] Level 5:colcon.colcon_core.verb:set package 'franka_control2' build argument 'catkin_cmake_args' from command line to 'None'
[0.800s] Level 5:colcon.colcon_core.verb:set package 'franka_control2' build argument 'catkin_skip_building_tests' from command line to 'False'
[0.800s] DEBUG:colcon.colcon_core.verb:Building package 'franka_control2' with the following arguments: {'ament_cmake_args': None, 'build_base': '/home/bibek/Summer_Research/multipanda_ros2/build/franka_control2', 'catkin_cmake_args': None, 'catkin_skip_building_tests': False, 'cmake_args': ['-DCMAKE_BUILD_TYPE=Release'], 'cmake_clean_cache': False, 'cmake_clean_first': False, 'cmake_force_configure': False, 'cmake_target': None, 'cmake_target_skip_unavailable': False, 'install_base': '/home/bibek/Summer_Research/multipanda_ros2/install/franka_control2', 'merge_install': False, 'path': '/home/bibek/Summer_Research/multipanda_ros2/franka_control2', 'symlink_install': False, 'test_result_base': None}
[0.801s] Level 5:colcon.colcon_core.verb:set package 'franka_gripper' build argument 'cmake_args' from command line to '['-DCMAKE_BUILD_TYPE=Release']'
[0.801s] Level 5:colcon.colcon_core.verb:set package 'franka_gripper' build argument 'cmake_target' from command line to 'None'
[0.802s] Level 5:colcon.colcon_core.verb:set package 'franka_gripper' build argument 'cmake_target_skip_unavailable' from command line to 'False'
[0.802s] Level 5:colcon.colcon_core.verb:set package 'franka_gripper' build argument 'cmake_clean_cache' from command line to 'False'
[0.802s] Level 5:colcon.colcon_core.verb:set package 'franka_gripper' build argument 'cmake_clean_first' from command line to 'False'
[0.802s] Level 5:colcon.colcon_core.verb:set package 'franka_gripper' build argument 'cmake_force_configure' from command line to 'False'
[0.802s] Level 5:colcon.colcon_core.verb:set package 'franka_gripper' build argument 'ament_cmake_args' from command line to 'None'
[0.802s] Level 5:colcon.colcon_core.verb:set package 'franka_gripper' build argument 'catkin_cmake_args' from command line to 'None'
[0.802s] Level 5:colcon.colcon_core.verb:set package 'franka_gripper' build argument 'catkin_skip_building_tests' from command line to 'False'
[0.802s] DEBUG:colcon.colcon_core.verb:Building package 'franka_gripper' with the following arguments: {'ament_cmake_args': None, 'build_base': '/home/bibek/Summer_Research/multipanda_ros2/build/franka_gripper', 'catkin_cmake_args': None, 'catkin_skip_building_tests': False, 'cmake_args': ['-DCMAKE_BUILD_TYPE=Release'], 'cmake_clean_cache': False, 'cmake_clean_first': False, 'cmake_force_configure': False, 'cmake_target': None, 'cmake_target_skip_unavailable': False, 'install_base': '/home/bibek/Summer_Research/multipanda_ros2/install/franka_gripper', 'merge_install': False, 'path': '/home/bibek/Summer_Research/multipanda_ros2/franka_gripper', 'symlink_install': False, 'test_result_base': None}
[0.803s] Level 5:colcon.colcon_core.verb:set package 'franka_hardware' build argument 'cmake_args' from command line to '['-DCMAKE_BUILD_TYPE=Release']'
[0.804s] Level 5:colcon.colcon_core.verb:set package 'franka_hardware' build argument 'cmake_target' from command line to 'None'
[0.804s] Level 5:colcon.colcon_core.verb:set package 'franka_hardware' build argument 'cmake_target_skip_unavailable' from command line to 'False'
[0.804s] Level 5:colcon.colcon_core.verb:set package 'franka_hardware' build argument 'cmake_clean_cache' from command line to 'False'
[0.804s] Level 5:colcon.colcon_core.verb:set package 'franka_hardware' build argument 'cmake_clean_first' from command line to 'False'
[0.804s] Level 5:colcon.colcon_core.verb:set package 'franka_hardware' build argument 'cmake_force_configure' from command line to 'False'
[0.804s] Level 5:colcon.colcon_core.verb:set package 'franka_hardware' build argument 'ament_cmake_args' from command line to 'None'
[0.804s] Level 5:colcon.colcon_core.verb:set package 'franka_hardware' build argument 'catkin_cmake_args' from command line to 'None'
[0.804s] Level 5:colcon.colcon_core.verb:set package 'franka_hardware' build argument 'catkin_skip_building_tests' from command line to 'False'
[0.804s] DEBUG:colcon.colcon_core.verb:Building package 'franka_hardware' with the following arguments: {'ament_cmake_args': None, 'build_base': '/home/bibek/Summer_Research/multipanda_ros2/build/franka_hardware', 'catkin_cmake_args': None, 'catkin_skip_building_tests': False, 'cmake_args': ['-DCMAKE_BUILD_TYPE=Release'], 'cmake_clean_cache': False, 'cmake_clean_first': False, 'cmake_force_configure': False, 'cmake_target': None, 'cmake_target_skip_unavailable': False, 'install_base': '/home/bibek/Summer_Research/multipanda_ros2/install/franka_hardware', 'merge_install': False, 'path': '/home/bibek/Summer_Research/multipanda_ros2/franka_hardware', 'symlink_install': False, 'test_result_base': None}
[0.805s] Level 5:colcon.colcon_core.verb:set package 'garmi_description' build argument 'cmake_args' from command line to '['-DCMAKE_BUILD_TYPE=Release']'
[0.806s] Level 5:colcon.colcon_core.verb:set package 'garmi_description' build argument 'cmake_target' from command line to 'None'
[0.806s] Level 5:colcon.colcon_core.verb:set package 'garmi_description' build argument 'cmake_target_skip_unavailable' from command line to 'False'
[0.806s] Level 5:colcon.colcon_core.verb:set package 'garmi_description' build argument 'cmake_clean_cache' from command line to 'False'
[0.806s] Level 5:colcon.colcon_core.verb:set package 'garmi_description' build argument 'cmake_clean_first' from command line to 'False'
[0.806s] Level 5:colcon.colcon_core.verb:set package 'garmi_description' build argument 'cmake_force_configure' from command line to 'False'
[0.806s] Level 5:colcon.colcon_core.verb:set package 'garmi_description' build argument 'ament_cmake_args' from command line to 'None'
[0.806s] Level 5:colcon.colcon_core.verb:set package 'garmi_description' build argument 'catkin_cmake_args' from command line to 'None'
[0.806s] Level 5:colcon.colcon_core.verb:set package 'garmi_description' build argument 'catkin_skip_building_tests' from command line to 'False'
[0.806s] DEBUG:colcon.colcon_core.verb:Building package 'garmi_description' with the following arguments: {'ament_cmake_args': None, 'build_base': '/home/bibek/Summer_Research/multipanda_ros2/build/garmi_description', 'catkin_cmake_args': None, 'catkin_skip_building_tests': False, 'cmake_args': ['-DCMAKE_BUILD_TYPE=Release'], 'cmake_clean_cache': False, 'cmake_clean_first': False, 'cmake_force_configure': False, 'cmake_target': None, 'cmake_target_skip_unavailable': False, 'install_base': '/home/bibek/Summer_Research/multipanda_ros2/install/garmi_description', 'merge_install': False, 'path': '/home/bibek/Summer_Research/multipanda_ros2/garmi_packages/garmi_description', 'symlink_install': False, 'test_result_base': None}
[0.807s] Level 5:colcon.colcon_core.verb:set package 'multi_mode_control_msgs' build argument 'cmake_args' from command line to '['-DCMAKE_BUILD_TYPE=Release']'
[0.807s] Level 5:colcon.colcon_core.verb:set package 'multi_mode_control_msgs' build argument 'cmake_target' from command line to 'None'
[0.808s] Level 5:colcon.colcon_core.verb:set package 'multi_mode_control_msgs' build argument 'cmake_target_skip_unavailable' from command line to 'False'
[0.808s] Level 5:colcon.colcon_core.verb:set package 'multi_mode_control_msgs' build argument 'cmake_clean_cache' from command line to 'False'
[0.808s] Level 5:colcon.colcon_core.verb:set package 'multi_mode_control_msgs' build argument 'cmake_clean_first' from command line to 'False'
[0.808s] Level 5:colcon.colcon_core.verb:set package 'multi_mode_control_msgs' build argument 'cmake_force_configure' from command line to 'False'
[0.808s] Level 5:colcon.colcon_core.verb:set package 'multi_mode_control_msgs' build argument 'ament_cmake_args' from command line to 'None'
[0.808s] Level 5:colcon.colcon_core.verb:set package 'multi_mode_control_msgs' build argument 'catkin_cmake_args' from command line to 'None'
[0.808s] Level 5:colcon.colcon_core.verb:set package 'multi_mode_control_msgs' build argument 'catkin_skip_building_tests' from command line to 'False'
[0.808s] DEBUG:colcon.colcon_core.verb:Building package 'multi_mode_control_msgs' with the following arguments: {'ament_cmake_args': None, 'build_base': '/home/bibek/Summer_Research/multipanda_ros2/build/multi_mode_control_msgs', 'catkin_cmake_args': None, 'catkin_skip_building_tests': False, 'cmake_args': ['-DCMAKE_BUILD_TYPE=Release'], 'cmake_clean_cache': False, 'cmake_clean_first': False, 'cmake_force_configure': False, 'cmake_target': None, 'cmake_target_skip_unavailable': False, 'install_base': '/home/bibek/Summer_Research/multipanda_ros2/install/multi_mode_control_msgs', 'merge_install': False, 'path': '/home/bibek/Summer_Research/multipanda_ros2/franka_multi_mode_controller/multi_mode_control_msgs', 'symlink_install': False, 'test_result_base': None}
[0.809s] Level 5:colcon.colcon_core.verb:set package 'franka_bringup' build argument 'cmake_args' from command line to '['-DCMAKE_BUILD_TYPE=Release']'
[0.809s] Level 5:colcon.colcon_core.verb:set package 'franka_bringup' build argument 'cmake_target' from command line to 'None'
[0.810s] Level 5:colcon.colcon_core.verb:set package 'franka_bringup' build argument 'cmake_target_skip_unavailable' from command line to 'False'
[0.810s] Level 5:colcon.colcon_core.verb:set package 'franka_bringup' build argument 'cmake_clean_cache' from command line to 'False'
[0.810s] Level 5:colcon.colcon_core.verb:set package 'franka_bringup' build argument 'cmake_clean_first' from command line to 'False'
[0.810s] Level 5:colcon.colcon_core.verb:set package 'franka_bringup' build argument 'cmake_force_configure' from command line to 'False'
[0.810s] Level 5:colcon.colcon_core.verb:set package 'franka_bringup' build argument 'ament_cmake_args' from command line to 'None'
[0.810s] Level 5:colcon.colcon_core.verb:set package 'franka_bringup' build argument 'catkin_cmake_args' from command line to 'None'
[0.810s] Level 5:colcon.colcon_core.verb:set package 'franka_bringup' build argument 'catkin_skip_building_tests' from command line to 'False'
[0.810s] DEBUG:colcon.colcon_core.verb:Building package 'franka_bringup' with the following arguments: {'ament_cmake_args': None, 'build_base': '/home/bibek/Summer_Research/multipanda_ros2/build/franka_bringup', 'catkin_cmake_args': None, 'catkin_skip_building_tests': False, 'cmake_args': ['-DCMAKE_BUILD_TYPE=Release'], 'cmake_clean_cache': False, 'cmake_clean_first': False, 'cmake_force_configure': False, 'cmake_target': None, 'cmake_target_skip_unavailable': False, 'install_base': '/home/bibek/Summer_Research/multipanda_ros2/install/franka_bringup', 'merge_install': False, 'path': '/home/bibek/Summer_Research/multipanda_ros2/franka_bringup', 'symlink_install': False, 'test_result_base': None}
[0.811s] Level 5:colcon.colcon_core.verb:set package 'franka_moveit_config' build argument 'cmake_args' from command line to '['-DCMAKE_BUILD_TYPE=Release']'
[0.811s] Level 5:colcon.colcon_core.verb:set package 'franka_moveit_config' build argument 'cmake_target' from command line to 'None'
[0.811s] Level 5:colcon.colcon_core.verb:set package 'franka_moveit_config' build argument 'cmake_target_skip_unavailable' from command line to 'False'
[0.811s] Level 5:colcon.colcon_core.verb:set package 'franka_moveit_config' build argument 'cmake_clean_cache' from command line to 'False'
[0.812s] Level 5:colcon.colcon_core.verb:set package 'franka_moveit_config' build argument 'cmake_clean_first' from command line to 'False'
[0.812s] Level 5:colcon.colcon_core.verb:set package 'franka_moveit_config' build argument 'cmake_force_configure' from command line to 'False'
[0.812s] Level 5:colcon.colcon_core.verb:set package 'franka_moveit_config' build argument 'ament_cmake_args' from command line to 'None'
[0.812s] Level 5:colcon.colcon_core.verb:set package 'franka_moveit_config' build argument 'catkin_cmake_args' from command line to 'None'
[0.812s] Level 5:colcon.colcon_core.verb:set package 'franka_moveit_config' build argument 'catkin_skip_building_tests' from command line to 'False'
[0.812s] DEBUG:colcon.colcon_core.verb:Building package 'franka_moveit_config' with the following arguments: {'ament_cmake_args': None, 'build_base': '/home/bibek/Summer_Research/multipanda_ros2/build/franka_moveit_config', 'catkin_cmake_args': None, 'catkin_skip_building_tests': False, 'cmake_args': ['-DCMAKE_BUILD_TYPE=Release'], 'cmake_clean_cache': False, 'cmake_clean_first': False, 'cmake_force_configure': False, 'cmake_target': None, 'cmake_target_skip_unavailable': False, 'install_base': '/home/bibek/Summer_Research/multipanda_ros2/install/franka_moveit_config', 'merge_install': False, 'path': '/home/bibek/Summer_Research/multipanda_ros2/franka_moveit_config', 'symlink_install': False, 'test_result_base': None}
[0.813s] Level 5:colcon.colcon_core.verb:set package 'franka_semantic_components' build argument 'cmake_args' from command line to '['-DCMAKE_BUILD_TYPE=Release']'
[0.813s] Level 5:colcon.colcon_core.verb:set package 'franka_semantic_components' build argument 'cmake_target' from command line to 'None'
[0.813s] Level 5:colcon.colcon_core.verb:set package 'franka_semantic_components' build argument 'cmake_target_skip_unavailable' from command line to 'False'
[0.813s] Level 5:colcon.colcon_core.verb:set package 'franka_semantic_components' build argument 'cmake_clean_cache' from command line to 'False'
[0.813s] Level 5:colcon.colcon_core.verb:set package 'franka_semantic_components' build argument 'cmake_clean_first' from command line to 'False'
[0.813s] Level 5:colcon.colcon_core.verb:set package 'franka_semantic_components' build argument 'cmake_force_configure' from command line to 'False'
[0.813s] Level 5:colcon.colcon_core.verb:set package 'franka_semantic_components' build argument 'ament_cmake_args' from command line to 'None'
[0.813s] Level 5:colcon.colcon_core.verb:set package 'franka_semantic_components' build argument 'catkin_cmake_args' from command line to 'None'
[0.813s] Level 5:colcon.colcon_core.verb:set package 'franka_semantic_components' build argument 'catkin_skip_building_tests' from command line to 'False'
[0.814s] DEBUG:colcon.colcon_core.verb:Building package 'franka_semantic_components' with the following arguments: {'ament_cmake_args': None, 'build_base': '/home/bibek/Summer_Research/multipanda_ros2/build/franka_semantic_components', 'catkin_cmake_args': None, 'catkin_skip_building_tests': False, 'cmake_args': ['-DCMAKE_BUILD_TYPE=Release'], 'cmake_clean_cache': False, 'cmake_clean_first': False, 'cmake_force_configure': False, 'cmake_target': None, 'cmake_target_skip_unavailable': False, 'install_base': '/home/bibek/Summer_Research/multipanda_ros2/install/franka_semantic_components', 'merge_install': False, 'path': '/home/bibek/Summer_Research/multipanda_ros2/franka_semantic_components', 'symlink_install': False, 'test_result_base': None}
[0.815s] Level 5:colcon.colcon_core.verb:set package 'garmi_bringup' build argument 'cmake_args' from command line to '['-DCMAKE_BUILD_TYPE=Release']'
[0.815s] Level 5:colcon.colcon_core.verb:set package 'garmi_bringup' build argument 'cmake_target' from command line to 'None'
[0.815s] Level 5:colcon.colcon_core.verb:set package 'garmi_bringup' build argument 'cmake_target_skip_unavailable' from command line to 'False'
[0.815s] Level 5:colcon.colcon_core.verb:set package 'garmi_bringup' build argument 'cmake_clean_cache' from command line to 'False'
[0.815s] Level 5:colcon.colcon_core.verb:set package 'garmi_bringup' build argument 'cmake_clean_first' from command line to 'False'
[0.815s] Level 5:colcon.colcon_core.verb:set package 'garmi_bringup' build argument 'cmake_force_configure' from command line to 'False'
[0.815s] Level 5:colcon.colcon_core.verb:set package 'garmi_bringup' build argument 'ament_cmake_args' from command line to 'None'
[0.815s] Level 5:colcon.colcon_core.verb:set package 'garmi_bringup' build argument 'catkin_cmake_args' from command line to 'None'
[0.815s] Level 5:colcon.colcon_core.verb:set package 'garmi_bringup' build argument 'catkin_skip_building_tests' from command line to 'False'
[0.815s] DEBUG:colcon.colcon_core.verb:Building package 'garmi_bringup' with the following arguments: {'ament_cmake_args': None, 'build_base': '/home/bibek/Summer_Research/multipanda_ros2/build/garmi_bringup', 'catkin_cmake_args': None, 'catkin_skip_building_tests': False, 'cmake_args': ['-DCMAKE_BUILD_TYPE=Release'], 'cmake_clean_cache': False, 'cmake_clean_first': False, 'cmake_force_configure': False, 'cmake_target': None, 'cmake_target_skip_unavailable': False, 'install_base': '/home/bibek/Summer_Research/multipanda_ros2/install/garmi_bringup', 'merge_install': False, 'path': '/home/bibek/Summer_Research/multipanda_ros2/garmi_packages/garmi_bringup', 'symlink_install': False, 'test_result_base': None}
[0.816s] Level 5:colcon.colcon_core.verb:set package 'franka_example_controllers' build argument 'cmake_args' from command line to '['-DCMAKE_BUILD_TYPE=Release']'
[0.816s] Level 5:colcon.colcon_core.verb:set package 'franka_example_controllers' build argument 'cmake_target' from command line to 'None'
[0.816s] Level 5:colcon.colcon_core.verb:set package 'franka_example_controllers' build argument 'cmake_target_skip_unavailable' from command line to 'False'
[0.816s] Level 5:colcon.colcon_core.verb:set package 'franka_example_controllers' build argument 'cmake_clean_cache' from command line to 'False'
[0.816s] Level 5:colcon.colcon_core.verb:set package 'franka_example_controllers' build argument 'cmake_clean_first' from command line to 'False'
[0.816s] Level 5:colcon.colcon_core.verb:set package 'franka_example_controllers' build argument 'cmake_force_configure' from command line to 'False'
[0.817s] Level 5:colcon.colcon_core.verb:set package 'franka_example_controllers' build argument 'ament_cmake_args' from command line to 'None'
[0.817s] Level 5:colcon.colcon_core.verb:set package 'franka_example_controllers' build argument 'catkin_cmake_args' from command line to 'None'
[0.817s] Level 5:colcon.colcon_core.verb:set package 'franka_example_controllers' build argument 'catkin_skip_building_tests' from command line to 'False'
[0.817s] DEBUG:colcon.colcon_core.verb:Building package 'franka_example_controllers' with the following arguments: {'ament_cmake_args': None, 'build_base': '/home/bibek/Summer_Research/multipanda_ros2/build/franka_example_controllers', 'catkin_cmake_args': None, 'catkin_skip_building_tests': False, 'cmake_args': ['-DCMAKE_BUILD_TYPE=Release'], 'cmake_clean_cache': False, 'cmake_clean_first': False, 'cmake_force_configure': False, 'cmake_target': None, 'cmake_target_skip_unavailable': False, 'install_base': '/home/bibek/Summer_Research/multipanda_ros2/install/franka_example_controllers', 'merge_install': False, 'path': '/home/bibek/Summer_Research/multipanda_ros2/franka_example_controllers', 'symlink_install': False, 'test_result_base': None}
[0.818s] Level 5:colcon.colcon_core.verb:set package 'franka_robot_state_broadcaster' build argument 'cmake_args' from command line to '['-DCMAKE_BUILD_TYPE=Release']'
[0.818s] Level 5:colcon.colcon_core.verb:set package 'franka_robot_state_broadcaster' build argument 'cmake_target' from command line to 'None'
[0.818s] Level 5:colcon.colcon_core.verb:set package 'franka_robot_state_broadcaster' build argument 'cmake_target_skip_unavailable' from command line to 'False'
[0.818s] Level 5:colcon.colcon_core.verb:set package 'franka_robot_state_broadcaster' build argument 'cmake_clean_cache' from command line to 'False'
[0.818s] Level 5:colcon.colcon_core.verb:set package 'franka_robot_state_broadcaster' build argument 'cmake_clean_first' from command line to 'False'
[0.818s] Level 5:colcon.colcon_core.verb:set package 'franka_robot_state_broadcaster' build argument 'cmake_force_configure' from command line to 'False'
[0.818s] Level 5:colcon.colcon_core.verb:set package 'franka_robot_state_broadcaster' build argument 'ament_cmake_args' from command line to 'None'
[0.818s] Level 5:colcon.colcon_core.verb:set package 'franka_robot_state_broadcaster' build argument 'catkin_cmake_args' from command line to 'None'
[0.818s] Level 5:colcon.colcon_core.verb:set package 'franka_robot_state_broadcaster' build argument 'catkin_skip_building_tests' from command line to 'False'
[0.818s] DEBUG:colcon.colcon_core.verb:Building package 'franka_robot_state_broadcaster' with the following arguments: {'ament_cmake_args': None, 'build_base': '/home/bibek/Summer_Research/multipanda_ros2/build/franka_robot_state_broadcaster', 'catkin_cmake_args': None, 'catkin_skip_building_tests': False, 'cmake_args': ['-DCMAKE_BUILD_TYPE=Release'], 'cmake_clean_cache': False, 'cmake_clean_first': False, 'cmake_force_configure': False, 'cmake_target': None, 'cmake_target_skip_unavailable': False, 'install_base': '/home/bibek/Summer_Research/multipanda_ros2/install/franka_robot_state_broadcaster', 'merge_install': False, 'path': '/home/bibek/Summer_Research/multipanda_ros2/franka_robot_state_broadcaster', 'symlink_install': False, 'test_result_base': None}
[0.819s] Level 5:colcon.colcon_core.verb:set package 'multi_mode_controller' build argument 'cmake_args' from command line to '['-DCMAKE_BUILD_TYPE=Release']'
[0.819s] Level 5:colcon.colcon_core.verb:set package 'multi_mode_controller' build argument 'cmake_target' from command line to 'None'
[0.819s] Level 5:colcon.colcon_core.verb:set package 'multi_mode_controller' build argument 'cmake_target_skip_unavailable' from command line to 'False'
[0.819s] Level 5:colcon.colcon_core.verb:set package 'multi_mode_controller' build argument 'cmake_clean_cache' from command line to 'False'
[0.819s] Level 5:colcon.colcon_core.verb:set package 'multi_mode_controller' build argument 'cmake_clean_first' from command line to 'False'
[0.819s] Level 5:colcon.colcon_core.verb:set package 'multi_mode_controller' build argument 'cmake_force_configure' from command line to 'False'
[0.819s] Level 5:colcon.colcon_core.verb:set package 'multi_mode_controller' build argument 'ament_cmake_args' from command line to 'None'
[0.819s] Level 5:colcon.colcon_core.verb:set package 'multi_mode_controller' build argument 'catkin_cmake_args' from command line to 'None'
[0.819s] Level 5:colcon.colcon_core.verb:set package 'multi_mode_controller' build argument 'catkin_skip_building_tests' from command line to 'False'
[0.819s] DEBUG:colcon.colcon_core.verb:Building package 'multi_mode_controller' with the following arguments: {'ament_cmake_args': None, 'build_base': '/home/bibek/Summer_Research/multipanda_ros2/build/multi_mode_controller', 'catkin_cmake_args': None, 'catkin_skip_building_tests': False, 'cmake_args': ['-DCMAKE_BUILD_TYPE=Release'], 'cmake_clean_cache': False, 'cmake_clean_first': False, 'cmake_force_configure': False, 'cmake_target': None, 'cmake_target_skip_unavailable': False, 'install_base': '/home/bibek/Summer_Research/multipanda_ros2/install/multi_mode_controller', 'merge_install': False, 'path': '/home/bibek/Summer_Research/multipanda_ros2/franka_multi_mode_controller/multi_mode_controller', 'symlink_install': False, 'test_result_base': None}
[0.820s] Level 5:colcon.colcon_core.verb:set package 'multi_mode_controller_impl' build argument 'cmake_args' from command line to '['-DCMAKE_BUILD_TYPE=Release']'
[0.820s] Level 5:colcon.colcon_core.verb:set package 'multi_mode_controller_impl' build argument 'cmake_target' from command line to 'None'
[0.820s] Level 5:colcon.colcon_core.verb:set package 'multi_mode_controller_impl' build argument 'cmake_target_skip_unavailable' from command line to 'False'
[0.820s] Level 5:colcon.colcon_core.verb:set package 'multi_mode_controller_impl' build argument 'cmake_clean_cache' from command line to 'False'
[0.820s] Level 5:colcon.colcon_core.verb:set package 'multi_mode_controller_impl' build argument 'cmake_clean_first' from command line to 'False'
[0.820s] Level 5:colcon.colcon_core.verb:set package 'multi_mode_controller_impl' build argument 'cmake_force_configure' from command line to 'False'
[0.820s] Level 5:colcon.colcon_core.verb:set package 'multi_mode_controller_impl' build argument 'ament_cmake_args' from command line to 'None'
[0.820s] Level 5:colcon.colcon_core.verb:set package 'multi_mode_controller_impl' build argument 'catkin_cmake_args' from command line to 'None'
[0.820s] Level 5:colcon.colcon_core.verb:set package 'multi_mode_controller_impl' build argument 'catkin_skip_building_tests' from command line to 'False'
[0.820s] DEBUG:colcon.colcon_core.verb:Building package 'multi_mode_controller_impl' with the following arguments: {'ament_cmake_args': None, 'build_base': '/home/bibek/Summer_Research/multipanda_ros2/build/multi_mode_controller_impl', 'catkin_cmake_args': None, 'catkin_skip_building_tests': False, 'cmake_args': ['-DCMAKE_BUILD_TYPE=Release'], 'cmake_clean_cache': False, 'cmake_clean_first': False, 'cmake_force_configure': False, 'cmake_target': None, 'cmake_target_skip_unavailable': False, 'install_base': '/home/bibek/Summer_Research/multipanda_ros2/install/multi_mode_controller_impl', 'merge_install': False, 'path': '/home/bibek/Summer_Research/multipanda_ros2/franka_multi_mode_controller/multi_mode_controller_impl', 'symlink_install': False, 'test_result_base': None}
[0.821s] Level 5:colcon.colcon_core.verb:set package 'panda_motion_generators' build argument 'cmake_args' from command line to '['-DCMAKE_BUILD_TYPE=Release']'
[0.821s] Level 5:colcon.colcon_core.verb:set package 'panda_motion_generators' build argument 'cmake_target' from command line to 'None'
[0.821s] Level 5:colcon.colcon_core.verb:set package 'panda_motion_generators' build argument 'cmake_target_skip_unavailable' from command line to 'False'
[0.821s] Level 5:colcon.colcon_core.verb:set package 'panda_motion_generators' build argument 'cmake_clean_cache' from command line to 'False'
[0.821s] Level 5:colcon.colcon_core.verb:set package 'panda_motion_generators' build argument 'cmake_clean_first' from command line to 'False'
[0.821s] Level 5:colcon.colcon_core.verb:set package 'panda_motion_generators' build argument 'cmake_force_configure' from command line to 'False'
[0.821s] Level 5:colcon.colcon_core.verb:set package 'panda_motion_generators' build argument 'ament_cmake_args' from command line to 'None'
[0.821s] Level 5:colcon.colcon_core.verb:set package 'panda_motion_generators' build argument 'catkin_cmake_args' from command line to 'None'
[0.821s] Level 5:colcon.colcon_core.verb:set package 'panda_motion_generators' build argument 'catkin_skip_building_tests' from command line to 'False'
[0.821s] DEBUG:colcon.colcon_core.verb:Building package 'panda_motion_generators' with the following arguments: {'ament_cmake_args': None, 'build_base': '/home/bibek/Summer_Research/multipanda_ros2/build/panda_motion_generators', 'catkin_cmake_args': None, 'catkin_skip_building_tests': False, 'cmake_args': ['-DCMAKE_BUILD_TYPE=Release'], 'cmake_clean_cache': False, 'cmake_clean_first': False, 'cmake_force_configure': False, 'cmake_target': None, 'cmake_target_skip_unavailable': False, 'install_base': '/home/bibek/Summer_Research/multipanda_ros2/install/panda_motion_generators', 'merge_install': False, 'path': '/home/bibek/Summer_Research/multipanda_ros2/franka_multi_mode_controller/panda_motion_generators', 'symlink_install': False, 'test_result_base': None}
[0.821s] INFO:colcon.colcon_core.executor:Executing jobs using 'parallel' executor
[0.823s] DEBUG:colcon.colcon_parallel_executor.executor.parallel:run_until_complete
[0.823s] INFO:colcon.colcon_ros.task.ament_cmake.build:Building ROS package in '/home/bibek/Summer_Research/multipanda_ros2/franka_msgs' with build type 'ament_cmake'
[0.823s] INFO:colcon.colcon_cmake.task.cmake.build:Building CMake package in '/home/bibek/Summer_Research/multipanda_ros2/franka_msgs'
[0.830s] INFO:colcon.colcon_core.plugin_system:Skipping extension 'colcon_core.shell.bat': Not used on non-Windows systems
[0.830s] INFO:colcon.colcon_core.shell:Skip shell extension 'powershell' for command environment: Not usable outside of PowerShell
[0.830s] DEBUG:colcon.colcon_core.shell:Skip shell extension 'dsv' for command environment
[0.836s] INFO:colcon.colcon_ros.task.ament_cmake.build:Building ROS package in '/home/bibek/Summer_Research/multipanda_ros2/franka_description' with build type 'ament_cmake'
[0.837s] INFO:colcon.colcon_cmake.task.cmake.build:Building CMake package in '/home/bibek/Summer_Research/multipanda_ros2/franka_description'
[0.837s] INFO:colcon.colcon_core.shell:Skip shell extension 'powershell' for command environment: Not usable outside of PowerShell
[0.838s] DEBUG:colcon.colcon_core.shell:Skip shell extension 'dsv' for command environment
[0.848s] INFO:colcon.colcon_ros.task.ament_cmake.build:Building ROS package in '/home/bibek/Summer_Research/multipanda_ros2/garmi_packages/garmi_controllers' with build type 'ament_cmake'
[0.848s] INFO:colcon.colcon_cmake.task.cmake.build:Building CMake package in '/home/bibek/Summer_Research/multipanda_ros2/garmi_packages/garmi_controllers'
[0.848s] INFO:colcon.colcon_core.shell:Skip shell extension 'powershell' for command environment: Not usable outside of PowerShell
[0.849s] DEBUG:colcon.colcon_core.shell:Skip shell extension 'dsv' for command environment
[0.854s] INFO:colcon.colcon_ros.task.ament_cmake.build:Building ROS package in '/home/bibek/Summer_Research/multipanda_ros2/franka_multi_mode_controller/panda_motion_generator_msgs' with build type 'ament_cmake'
[0.854s] INFO:colcon.colcon_cmake.task.cmake.build:Building CMake package in '/home/bibek/Summer_Research/multipanda_ros2/franka_multi_mode_controller/panda_motion_generator_msgs'
[0.855s] INFO:colcon.colcon_core.shell:Skip shell extension 'powershell' for command environment: Not usable outside of PowerShell
[0.855s] DEBUG:colcon.colcon_core.shell:Skip shell extension 'dsv' for command environment
[0.860s] INFO:colcon.colcon_ros.task.ament_python.build:Building ROS package in '/home/bibek/Summer_Research/multipanda_ros2/franka_simple_publishers' with build type 'ament_python'
[0.861s] Level 1:colcon.colcon_core.shell:create_environment_hook('franka_simple_publishers', 'ament_prefix_path')
[0.861s] INFO:colcon.colcon_core.shell:Creating environment hook '/home/bibek/Summer_Research/multipanda_ros2/install/franka_simple_publishers/share/franka_simple_publishers/hook/ament_prefix_path.ps1'
[0.863s] INFO:colcon.colcon_core.shell:Creating environment descriptor '/home/bibek/Summer_Research/multipanda_ros2/install/franka_simple_publishers/share/franka_simple_publishers/hook/ament_prefix_path.dsv'
[0.863s] INFO:colcon.colcon_core.shell:Creating environment hook '/home/bibek/Summer_Research/multipanda_ros2/install/franka_simple_publishers/share/franka_simple_publishers/hook/ament_prefix_path.sh'
[0.864s] INFO:colcon.colcon_core.shell:Skip shell extension 'powershell' for command environment: Not usable outside of PowerShell
[0.865s] DEBUG:colcon.colcon_core.shell:Skip shell extension 'dsv' for command environment
[0.869s] INFO:colcon.colcon_ros.task.ament_cmake.build:Building ROS package in '/home/bibek/Summer_Research/multipanda_ros2/garmi_packages/garmi_moveit_config' with build type 'ament_cmake'
[0.870s] INFO:colcon.colcon_cmake.task.cmake.build:Building CMake package in '/home/bibek/Summer_Research/multipanda_ros2/garmi_packages/garmi_moveit_config'
[0.870s] INFO:colcon.colcon_core.shell:Skip shell extension 'powershell' for command environment: Not usable outside of PowerShell
[0.870s] DEBUG:colcon.colcon_core.shell:Skip shell extension 'dsv' for command environment
[0.888s] DEBUG:colcon.colcon_core.event_handler.log_command:Invoking command in '/home/bibek/Summer_Research/multipanda_ros2/build/franka_msgs': CMAKE_PREFIX_PATH=/opt/ros/humble /usr/bin/cmake /home/bibek/Summer_Research/multipanda_ros2/franka_msgs -DCMAKE_BUILD_TYPE=Release -DCMAKE_INSTALL_PREFIX=/home/bibek/Summer_Research/multipanda_ros2/install/franka_msgs
[0.896s] DEBUG:colcon.colcon_core.event_handler.log_command:Invoking command in '/home/bibek/Summer_Research/multipanda_ros2/build/franka_description': CMAKE_PREFIX_PATH=/opt/ros/humble /usr/bin/cmake /home/bibek/Summer_Research/multipanda_ros2/franka_description -DCMAKE_BUILD_TYPE=Release -DCMAKE_INSTALL_PREFIX=/home/bibek/Summer_Research/multipanda_ros2/install/franka_description
[0.899s] DEBUG:colcon.colcon_core.event_handler.log_command:Invoking command in '/home/bibek/Summer_Research/multipanda_ros2/build/garmi_controllers': CMAKE_PREFIX_PATH=/opt/ros/humble /usr/bin/cmake /home/bibek/Summer_Research/multipanda_ros2/garmi_packages/garmi_controllers -DCMAKE_BUILD_TYPE=Release -DCMAKE_INSTALL_PREFIX=/home/bibek/Summer_Research/multipanda_ros2/install/garmi_controllers
[0.902s] DEBUG:colcon.colcon_core.event_handler.log_command:Invoking command in '/home/bibek/Summer_Research/multipanda_ros2/build/panda_motion_generator_msgs': CMAKE_PREFIX_PATH=/opt/ros/humble /usr/bin/cmake /home/bibek/Summer_Research/multipanda_ros2/franka_multi_mode_controller/panda_motion_generator_msgs -DCMAKE_BUILD_TYPE=Release -DCMAKE_INSTALL_PREFIX=/home/bibek/Summer_Research/multipanda_ros2/install/panda_motion_generator_msgs
[1.326s] INFO:colcon.colcon_core.task.python.build:Building Python package in '/home/bibek/Summer_Research/multipanda_ros2/franka_simple_publishers'
[1.326s] INFO:colcon.colcon_core.shell:Skip shell extension 'powershell' for command environment: Not usable outside of PowerShell
[1.326s] DEBUG:colcon.colcon_core.shell:Skip shell extension 'dsv' for command environment
[1.334s] DEBUG:colcon.colcon_core.event_handler.log_command:Invoking command in '/home/bibek/Summer_Research/multipanda_ros2/build/garmi_moveit_config': CMAKE_PREFIX_PATH=/opt/ros/humble /usr/bin/cmake /home/bibek/Summer_Research/multipanda_ros2/garmi_packages/garmi_moveit_config -DCMAKE_BUILD_TYPE=Release -DCMAKE_INSTALL_PREFIX=/home/bibek/Summer_Research/multipanda_ros2/install/garmi_moveit_config
[2.029s] DEBUG:colcon.colcon_core.event_handler.log_command:Invoking command in '/home/bibek/Summer_Research/multipanda_ros2/franka_simple_publishers': PYTHONPATH=/home/bibek/Summer_Research/multipanda_ros2/build/franka_simple_publishers/prefix_override:/usr/lib/python3/dist-packages/colcon_core/task/python/colcon_distutils_commands:/home/bibek/Summer_Research/multipanda_ros2/install/franka_simple_publishers/lib/python3.10/site-packages:${PYTHONPATH} /usr/bin/python3 -W ignore:setup.py install is deprecated -W ignore:easy_install command is deprecated setup.py egg_info --egg-base ../build/franka_simple_publishers build --build-base /home/bibek/Summer_Research/multipanda_ros2/build/franka_simple_publishers/build install --record /home/bibek/Summer_Research/multipanda_ros2/build/franka_simple_publishers/install.log --single-version-externally-managed install_data
[2.075s] DEBUG:colcon.colcon_core.event_handler.log_command:Invoked command in '/home/bibek/Summer_Research/multipanda_ros2/build/garmi_moveit_config' returned '0': CMAKE_PREFIX_PATH=/opt/ros/humble /usr/bin/cmake /home/bibek/Summer_Research/multipanda_ros2/garmi_packages/garmi_moveit_config -DCMAKE_BUILD_TYPE=Release -DCMAKE_INSTALL_PREFIX=/home/bibek/Summer_Research/multipanda_ros2/install/garmi_moveit_config
[2.078s] DEBUG:colcon.colcon_core.event_handler.log_command:Invoking command in '/home/bibek/Summer_Research/multipanda_ros2/build/garmi_moveit_config': CMAKE_PREFIX_PATH=/opt/ros/humble /usr/bin/cmake --build /home/bibek/Summer_Research/multipanda_ros2/build/garmi_moveit_config -- -j16 -l16
[2.116s] DEBUG:colcon.colcon_core.event_handler.log_command:Invoked command in '/home/bibek/Summer_Research/multipanda_ros2/build/garmi_moveit_config' returned '0': CMAKE_PREFIX_PATH=/opt/ros/humble /usr/bin/cmake --build /home/bibek/Summer_Research/multipanda_ros2/build/garmi_moveit_config -- -j16 -l16
[2.127s] DEBUG:colcon.colcon_core.event_handler.log_command:Invoking command in '/home/bibek/Summer_Research/multipanda_ros2/build/garmi_moveit_config': CMAKE_PREFIX_PATH=/opt/ros/humble /usr/bin/cmake --install /home/bibek/Summer_Research/multipanda_ros2/build/garmi_moveit_config
[2.146s] Level 1:colcon.colcon_core.environment:create_environment_scripts_only(garmi_moveit_config)
[2.146s] DEBUG:colcon.colcon_core.event_handler.log_command:Invoked command in '/home/bibek/Summer_Research/multipanda_ros2/build/garmi_moveit_config' returned '0': CMAKE_PREFIX_PATH=/opt/ros/humble /usr/bin/cmake --install /home/bibek/Summer_Research/multipanda_ros2/build/garmi_moveit_config
[2.152s] Level 1:colcon.colcon_core.environment:checking '/home/bibek/Summer_Research/multipanda_ros2/install/garmi_moveit_config' for CMake module files
[2.153s] Level 1:colcon.colcon_core.environment:checking '/home/bibek/Summer_Research/multipanda_ros2/install/garmi_moveit_config' for CMake config files
[2.153s] Level 1:colcon.colcon_core.shell:create_environment_hook('garmi_moveit_config', 'cmake_prefix_path')
[2.153s] INFO:colcon.colcon_core.shell:Creating environment hook '/home/bibek/Summer_Research/multipanda_ros2/install/garmi_moveit_config/share/garmi_moveit_config/hook/cmake_prefix_path.ps1'
[2.154s] INFO:colcon.colcon_core.shell:Creating environment descriptor '/home/bibek/Summer_Research/multipanda_ros2/install/garmi_moveit_config/share/garmi_moveit_config/hook/cmake_prefix_path.dsv'
[2.155s] INFO:colcon.colcon_core.shell:Creating environment hook '/home/bibek/Summer_Research/multipanda_ros2/install/garmi_moveit_config/share/garmi_moveit_config/hook/cmake_prefix_path.sh'
[2.156s] Level 1:colcon.colcon_core.environment:checking '/home/bibek/Summer_Research/multipanda_ros2/install/garmi_moveit_config/bin'
[2.156s] Level 1:colcon.colcon_core.environment:checking '/home/bibek/Summer_Research/multipanda_ros2/install/garmi_moveit_config/lib/pkgconfig/garmi_moveit_config.pc'
[2.156s] Level 1:colcon.colcon_core.environment:checking '/home/bibek/Summer_Research/multipanda_ros2/install/garmi_moveit_config/lib/python3.10/site-packages'
[2.156s] Level 1:colcon.colcon_core.environment:checking '/home/bibek/Summer_Research/multipanda_ros2/install/garmi_moveit_config/bin'
[2.157s] INFO:colcon.colcon_core.shell:Creating package script '/home/bibek/Summer_Research/multipanda_ros2/install/garmi_moveit_config/share/garmi_moveit_config/package.ps1'
[2.158s] INFO:colcon.colcon_core.shell:Creating package descriptor '/home/bibek/Summer_Research/multipanda_ros2/install/garmi_moveit_config/share/garmi_moveit_config/package.dsv'
[2.159s] INFO:colcon.colcon_core.shell:Creating package script '/home/bibek/Summer_Research/multipanda_ros2/install/garmi_moveit_config/share/garmi_moveit_config/package.sh'
[2.159s] INFO:colcon.colcon_core.shell:Creating package script '/home/bibek/Summer_Research/multipanda_ros2/install/garmi_moveit_config/share/garmi_moveit_config/package.bash'
[2.161s] INFO:colcon.colcon_core.shell:Creating package script '/home/bibek/Summer_Research/multipanda_ros2/install/garmi_moveit_config/share/garmi_moveit_config/package.zsh'
[2.162s] Level 1:colcon.colcon_core.environment:create_file_with_runtime_dependencies(/home/bibek/Summer_Research/multipanda_ros2/install/garmi_moveit_config/share/colcon-core/packages/garmi_moveit_config)
[2.162s] Level 1:colcon.colcon_core.environment:create_environment_scripts_only(garmi_moveit_config)
[2.162s] Level 1:colcon.colcon_core.environment:checking '/home/bibek/Summer_Research/multipanda_ros2/install/garmi_moveit_config' for CMake module files
[2.163s] Level 1:colcon.colcon_core.environment:checking '/home/bibek/Summer_Research/multipanda_ros2/install/garmi_moveit_config' for CMake config files
[2.163s] Level 1:colcon.colcon_core.shell:create_environment_hook('garmi_moveit_config', 'cmake_prefix_path')
[2.163s] INFO:colcon.colcon_core.shell:Creating environment hook '/home/bibek/Summer_Research/multipanda_ros2/install/garmi_moveit_config/share/garmi_moveit_config/hook/cmake_prefix_path.ps1'
[2.163s] INFO:colcon.colcon_core.shell:Creating environment descriptor '/home/bibek/Summer_Research/multipanda_ros2/install/garmi_moveit_config/share/garmi_moveit_config/hook/cmake_prefix_path.dsv'
[2.164s] INFO:colcon.colcon_core.shell:Creating environment hook '/home/bibek/Summer_Research/multipanda_ros2/install/garmi_moveit_config/share/garmi_moveit_config/hook/cmake_prefix_path.sh'
[2.164s] Level 1:colcon.colcon_core.environment:checking '/home/bibek/Summer_Research/multipanda_ros2/install/garmi_moveit_config/bin'
[2.164s] Level 1:colcon.colcon_core.environment:checking '/home/bibek/Summer_Research/multipanda_ros2/install/garmi_moveit_config/lib/pkgconfig/garmi_moveit_config.pc'
[2.164s] Level 1:colcon.colcon_core.environment:checking '/home/bibek/Summer_Research/multipanda_ros2/install/garmi_moveit_config/lib/python3.10/site-packages'
[2.165s] Level 1:colcon.colcon_core.environment:checking '/home/bibek/Summer_Research/multipanda_ros2/install/garmi_moveit_config/bin'
[2.165s] INFO:colcon.colcon_core.shell:Creating package script '/home/bibek/Summer_Research/multipanda_ros2/install/garmi_moveit_config/share/garmi_moveit_config/package.ps1'
[2.165s] INFO:colcon.colcon_core.shell:Creating package descriptor '/home/bibek/Summer_Research/multipanda_ros2/install/garmi_moveit_config/share/garmi_moveit_config/package.dsv'
[2.166s] INFO:colcon.colcon_core.shell:Creating package script '/home/bibek/Summer_Research/multipanda_ros2/install/garmi_moveit_config/share/garmi_moveit_config/package.sh'
[2.166s] INFO:colcon.colcon_core.shell:Creating package script '/home/bibek/Summer_Research/multipanda_ros2/install/garmi_moveit_config/share/garmi_moveit_config/package.bash'
[2.166s] INFO:colcon.colcon_core.shell:Creating package script '/home/bibek/Summer_Research/multipanda_ros2/install/garmi_moveit_config/share/garmi_moveit_config/package.zsh'
[2.167s] Level 1:colcon.colcon_core.environment:create_file_with_runtime_dependencies(/home/bibek/Summer_Research/multipanda_ros2/install/garmi_moveit_config/share/colcon-core/packages/garmi_moveit_config)
[2.460s] Level 1:colcon.colcon_core.environment:checking '/home/bibek/Summer_Research/multipanda_ros2/install/franka_simple_publishers' for CMake module files
[2.461s] Level 1:colcon.colcon_core.environment:checking '/home/bibek/Summer_Research/multipanda_ros2/install/franka_simple_publishers' for CMake config files
[2.461s] DEBUG:colcon.colcon_core.event_handler.log_command:Invoked command in '/home/bibek/Summer_Research/multipanda_ros2/franka_simple_publishers' returned '0': PYTHONPATH=/home/bibek/Summer_Research/multipanda_ros2/build/franka_simple_publishers/prefix_override:/usr/lib/python3/dist-packages/colcon_core/task/python/colcon_distutils_commands:/home/bibek/Summer_Research/multipanda_ros2/install/franka_simple_publishers/lib/python3.10/site-packages:${PYTHONPATH} /usr/bin/python3 -W ignore:setup.py install is deprecated -W ignore:easy_install command is deprecated setup.py egg_info --egg-base ../build/franka_simple_publishers build --build-base /home/bibek/Summer_Research/multipanda_ros2/build/franka_simple_publishers/build install --record /home/bibek/Summer_Research/multipanda_ros2/build/franka_simple_publishers/install.log --single-version-externally-managed install_data
[2.461s] Level 1:colcon.colcon_core.environment:checking '/home/bibek/Summer_Research/multipanda_ros2/install/franka_simple_publishers/lib'
[2.462s] Level 1:colcon.colcon_core.environment:checking '/home/bibek/Summer_Research/multipanda_ros2/install/franka_simple_publishers/bin'
[2.462s] Level 1:colcon.colcon_core.environment:checking '/home/bibek/Summer_Research/multipanda_ros2/install/franka_simple_publishers/lib/pkgconfig/franka_simple_publishers.pc'
[2.462s] Level 1:colcon.colcon_core.environment:checking '/home/bibek/Summer_Research/multipanda_ros2/install/franka_simple_publishers/lib/python3.10/site-packages'
[2.462s] Level 1:colcon.colcon_core.shell:create_environment_hook('franka_simple_publishers', 'pythonpath')
[2.462s] INFO:colcon.colcon_core.shell:Creating environment hook '/home/bibek/Summer_Research/multipanda_ros2/install/franka_simple_publishers/share/franka_simple_publishers/hook/pythonpath.ps1'
[2.463s] INFO:colcon.colcon_core.shell:Creating environment descriptor '/home/bibek/Summer_Research/multipanda_ros2/install/franka_simple_publishers/share/franka_simple_publishers/hook/pythonpath.dsv'
[2.463s] INFO:colcon.colcon_core.shell:Creating environment hook '/home/bibek/Summer_Research/multipanda_ros2/install/franka_simple_publishers/share/franka_simple_publishers/hook/pythonpath.sh'
[2.463s] Level 1:colcon.colcon_core.environment:checking '/home/bibek/Summer_Research/multipanda_ros2/install/franka_simple_publishers/bin'
[2.463s] Level 1:colcon.colcon_core.environment:create_environment_scripts_only(franka_simple_publishers)
[2.464s] INFO:colcon.colcon_core.shell:Creating package script '/home/bibek/Summer_Research/multipanda_ros2/install/franka_simple_publishers/share/franka_simple_publishers/package.ps1'
[2.464s] INFO:colcon.colcon_core.shell:Creating package descriptor '/home/bibek/Summer_Research/multipanda_ros2/install/franka_simple_publishers/share/franka_simple_publishers/package.dsv'
[2.465s] INFO:colcon.colcon_core.shell:Creating package script '/home/bibek/Summer_Research/multipanda_ros2/install/franka_simple_publishers/share/franka_simple_publishers/package.sh'
[2.466s] INFO:colcon.colcon_core.shell:Creating package script '/home/bibek/Summer_Research/multipanda_ros2/install/franka_simple_publishers/share/franka_simple_publishers/package.bash'
[2.466s] INFO:colcon.colcon_core.shell:Creating package script '/home/bibek/Summer_Research/multipanda_ros2/install/franka_simple_publishers/share/franka_simple_publishers/package.zsh'
[2.467s] Level 1:colcon.colcon_core.environment:create_file_with_runtime_dependencies(/home/bibek/Summer_Research/multipanda_ros2/install/franka_simple_publishers/share/colcon-core/packages/franka_simple_publishers)
[2.828s] DEBUG:colcon.colcon_core.event_handler.log_command:Invoked command in '/home/bibek/Summer_Research/multipanda_ros2/build/garmi_controllers' returned '0': CMAKE_PREFIX_PATH=/opt/ros/humble /usr/bin/cmake /home/bibek/Summer_Research/multipanda_ros2/garmi_packages/garmi_controllers -DCMAKE_BUILD_TYPE=Release -DCMAKE_INSTALL_PREFIX=/home/bibek/Summer_Research/multipanda_ros2/install/garmi_controllers
[2.830s] DEBUG:colcon.colcon_core.event_handler.log_command:Invoking command in '/home/bibek/Summer_Research/multipanda_ros2/build/garmi_controllers': CMAKE_PREFIX_PATH=/opt/ros/humble /usr/bin/cmake --build /home/bibek/Summer_Research/multipanda_ros2/build/garmi_controllers -- -j16 -l16
[3.461s] DEBUG:colcon.colcon_core.event_handler.log_command:Invoked command in '/home/bibek/Summer_Research/multipanda_ros2/build/panda_motion_generator_msgs' returned '0': CMAKE_PREFIX_PATH=/opt/ros/humble /usr/bin/cmake /home/bibek/Summer_Research/multipanda_ros2/franka_multi_mode_controller/panda_motion_generator_msgs -DCMAKE_BUILD_TYPE=Release -DCMAKE_INSTALL_PREFIX=/home/bibek/Summer_Research/multipanda_ros2/install/panda_motion_generator_msgs
[3.462s] DEBUG:colcon.colcon_core.event_handler.log_command:Invoking command in '/home/bibek/Summer_Research/multipanda_ros2/build/panda_motion_generator_msgs': CMAKE_PREFIX_PATH=/opt/ros/humble /usr/bin/cmake --build /home/bibek/Summer_Research/multipanda_ros2/build/panda_motion_generator_msgs -- -j16 -l16
[3.591s] DEBUG:colcon.colcon_core.event_handler.log_command:Invoked command in '/home/bibek/Summer_Research/multipanda_ros2/build/franka_msgs' returned '0': CMAKE_PREFIX_PATH=/opt/ros/humble /usr/bin/cmake /home/bibek/Summer_Research/multipanda_ros2/franka_msgs -DCMAKE_BUILD_TYPE=Release -DCMAKE_INSTALL_PREFIX=/home/bibek/Summer_Research/multipanda_ros2/install/franka_msgs
[3.593s] DEBUG:colcon.colcon_core.event_handler.log_command:Invoking command in '/home/bibek/Summer_Research/multipanda_ros2/build/franka_msgs': CMAKE_PREFIX_PATH=/opt/ros/humble /usr/bin/cmake --build /home/bibek/Summer_Research/multipanda_ros2/build/franka_msgs -- -j16 -l16
[4.385s] DEBUG:colcon.colcon_core.event_handler.log_command:Invoked command in '/home/bibek/Summer_Research/multipanda_ros2/build/franka_description' returned '0': CMAKE_PREFIX_PATH=/opt/ros/humble /usr/bin/cmake /home/bibek/Summer_Research/multipanda_ros2/franka_description -DCMAKE_BUILD_TYPE=Release -DCMAKE_INSTALL_PREFIX=/home/bibek/Summer_Research/multipanda_ros2/install/franka_description
[4.388s] DEBUG:colcon.colcon_core.event_handler.log_command:Invoking command in '/home/bibek/Summer_Research/multipanda_ros2/build/franka_description': CMAKE_PREFIX_PATH=/opt/ros/humble /usr/bin/cmake --build /home/bibek/Summer_Research/multipanda_ros2/build/franka_description -- -j16 -l16
[4.468s] DEBUG:colcon.colcon_core.event_handler.log_command:Invoked command in '/home/bibek/Summer_Research/multipanda_ros2/build/franka_description' returned '0': CMAKE_PREFIX_PATH=/opt/ros/humble /usr/bin/cmake --build /home/bibek/Summer_Research/multipanda_ros2/build/franka_description -- -j16 -l16
[4.471s] DEBUG:colcon.colcon_core.event_handler.log_command:Invoking command in '/home/bibek/Summer_Research/multipanda_ros2/build/franka_description': CMAKE_PREFIX_PATH=/opt/ros/humble /usr/bin/cmake --install /home/bibek/Summer_Research/multipanda_ros2/build/franka_description
[4.701s] Level 1:colcon.colcon_core.environment:create_environment_scripts_only(franka_description)
[4.702s] Level 1:colcon.colcon_core.environment:checking '/home/bibek/Summer_Research/multipanda_ros2/install/franka_description' for CMake module files
[4.703s] DEBUG:colcon.colcon_core.event_handler.log_command:Invoked command in '/home/bibek/Summer_Research/multipanda_ros2/build/franka_description' returned '0': CMAKE_PREFIX_PATH=/opt/ros/humble /usr/bin/cmake --install /home/bibek/Summer_Research/multipanda_ros2/build/franka_description
[4.703s] Level 1:colcon.colcon_core.environment:checking '/home/bibek/Summer_Research/multipanda_ros2/install/franka_description' for CMake config files
[4.704s] Level 1:colcon.colcon_core.shell:create_environment_hook('franka_description', 'cmake_prefix_path')
[4.704s] INFO:colcon.colcon_core.shell:Creating environment hook '/home/bibek/Summer_Research/multipanda_ros2/install/franka_description/share/franka_description/hook/cmake_prefix_path.ps1'
[4.705s] INFO:colcon.colcon_core.shell:Creating environment descriptor '/home/bibek/Summer_Research/multipanda_ros2/install/franka_description/share/franka_description/hook/cmake_prefix_path.dsv'
[4.706s] INFO:colcon.colcon_core.shell:Creating environment hook '/home/bibek/Summer_Research/multipanda_ros2/install/franka_description/share/franka_description/hook/cmake_prefix_path.sh'
[4.706s] Level 1:colcon.colcon_core.environment:checking '/home/bibek/Summer_Research/multipanda_ros2/install/franka_description/bin'
[4.706s] Level 1:colcon.colcon_core.environment:checking '/home/bibek/Summer_Research/multipanda_ros2/install/franka_description/lib/pkgconfig/franka_description.pc'
[4.707s] Level 1:colcon.colcon_core.environment:checking '/home/bibek/Summer_Research/multipanda_ros2/install/franka_description/lib/python3.10/site-packages'
[4.707s] Level 1:colcon.colcon_core.environment:checking '/home/bibek/Summer_Research/multipanda_ros2/install/franka_description/bin'
[4.707s] INFO:colcon.colcon_core.shell:Creating package script '/home/bibek/Summer_Research/multipanda_ros2/install/franka_description/share/franka_description/package.ps1'
[4.708s] INFO:colcon.colcon_core.shell:Creating package descriptor '/home/bibek/Summer_Research/multipanda_ros2/install/franka_description/share/franka_description/package.dsv'
[4.708s] INFO:colcon.colcon_core.shell:Creating package script '/home/bibek/Summer_Research/multipanda_ros2/install/franka_description/share/franka_description/package.sh'
[4.709s] INFO:colcon.colcon_core.shell:Creating package script '/home/bibek/Summer_Research/multipanda_ros2/install/franka_description/share/franka_description/package.bash'
[4.710s] INFO:colcon.colcon_core.shell:Creating package script '/home/bibek/Summer_Research/multipanda_ros2/install/franka_description/share/franka_description/package.zsh'
[4.711s] Level 1:colcon.colcon_core.environment:create_file_with_runtime_dependencies(/home/bibek/Summer_Research/multipanda_ros2/install/franka_description/share/colcon-core/packages/franka_description)
[4.712s] Level 1:colcon.colcon_core.environment:create_environment_scripts_only(franka_description)
[4.713s] Level 1:colcon.colcon_core.environment:checking '/home/bibek/Summer_Research/multipanda_ros2/install/franka_description' for CMake module files
[4.713s] Level 1:colcon.colcon_core.environment:checking '/home/bibek/Summer_Research/multipanda_ros2/install/franka_description' for CMake config files
[4.714s] Level 1:colcon.colcon_core.shell:create_environment_hook('franka_description', 'cmake_prefix_path')
[4.714s] INFO:colcon.colcon_core.shell:Creating environment hook '/home/bibek/Summer_Research/multipanda_ros2/install/franka_description/share/franka_description/hook/cmake_prefix_path.ps1'
[4.715s] INFO:colcon.colcon_core.shell:Creating environment descriptor '/home/bibek/Summer_Research/multipanda_ros2/install/franka_description/share/franka_description/hook/cmake_prefix_path.dsv'
[4.716s] INFO:colcon.colcon_core.shell:Creating environment hook '/home/bibek/Summer_Research/multipanda_ros2/install/franka_description/share/franka_description/hook/cmake_prefix_path.sh'
[4.717s] Level 1:colcon.colcon_core.environment:checking '/home/bibek/Summer_Research/multipanda_ros2/install/franka_description/bin'
[4.717s] Level 1:colcon.colcon_core.environment:checking '/home/bibek/Summer_Research/multipanda_ros2/install/franka_description/lib/pkgconfig/franka_description.pc'
[4.717s] Level 1:colcon.colcon_core.environment:checking '/home/bibek/Summer_Research/multipanda_ros2/install/franka_description/lib/python3.10/site-packages'
[4.717s] Level 1:colcon.colcon_core.environment:checking '/home/bibek/Summer_Research/multipanda_ros2/install/franka_description/bin'
[4.718s] INFO:colcon.colcon_core.shell:Creating package script '/home/bibek/Summer_Research/multipanda_ros2/install/franka_description/share/franka_description/package.ps1'
[4.719s] INFO:colcon.colcon_core.shell:Creating package descriptor '/home/bibek/Summer_Research/multipanda_ros2/install/franka_description/share/franka_description/package.dsv'
[4.720s] INFO:colcon.colcon_core.shell:Creating package script '/home/bibek/Summer_Research/multipanda_ros2/install/franka_description/share/franka_description/package.sh'
[4.721s] INFO:colcon.colcon_core.shell:Creating package script '/home/bibek/Summer_Research/multipanda_ros2/install/franka_description/share/franka_description/package.bash'
[4.722s] INFO:colcon.colcon_core.shell:Creating package script '/home/bibek/Summer_Research/multipanda_ros2/install/franka_description/share/franka_description/package.zsh'
[4.723s] Level 1:colcon.colcon_core.environment:create_file_with_runtime_dependencies(/home/bibek/Summer_Research/multipanda_ros2/install/franka_description/share/colcon-core/packages/franka_description)
[4.724s] INFO:colcon.colcon_ros.task.ament_cmake.build:Building ROS package in '/home/bibek/Summer_Research/multipanda_ros2/garmi_packages/garmi_description' with build type 'ament_cmake'
[4.724s] INFO:colcon.colcon_cmake.task.cmake.build:Building CMake package in '/home/bibek/Summer_Research/multipanda_ros2/garmi_packages/garmi_description'
[4.725s] INFO:colcon.colcon_core.shell:Skip shell extension 'powershell' for command environment: Not usable outside of PowerShell
[4.726s] DEBUG:colcon.colcon_core.shell:Skip shell extension 'dsv' for command environment
[4.751s] DEBUG:colcon.colcon_core.event_handler.log_command:Invoking command in '/home/bibek/Summer_Research/multipanda_ros2/build/garmi_description': AMENT_PREFIX_PATH=/home/bibek/Summer_Research/multipanda_ros2/install/franka_description:${AMENT_PREFIX_PATH} CMAKE_PREFIX_PATH=/home/bibek/Summer_Research/multipanda_ros2/install/franka_description:/opt/ros/humble /usr/bin/cmake /home/bibek/Summer_Research/multipanda_ros2/garmi_packages/garmi_description -DCMAKE_BUILD_TYPE=Release -DCMAKE_INSTALL_PREFIX=/home/bibek/Summer_Research/multipanda_ros2/install/garmi_description
